Workbook

Sheet RISICOREGISTER
E1: Project | F1: Robbenoord Wieringerwerf
E2: TSB (conform BTO) | F2: 798562.59
E3: Projectgrootte (zie tabel) | F3: =IF(F2<5000000,"Klein project",IF(F2<=12000000,"Middelgroot project","Groot project")) -> Klein project
E4: Opsteller | F4: Wouter Busstra
E5: Datum laatste actualisatie | F5: 03-06-2026
E6: Bouwteam | F6: {=SUM(SUMIFS($AI$12:$AI$112,$H$12:$H$112,{"Voorstel";"Vigerend";"Beheerst"},$K$12:$K$112,E6))} -> 48125
E7: Uitvoering | F7: {=SUM(SUMIFS($AI$12:$AI$112,$H$12:$H$112,{"Voorstel";"Actueel";"Vigerend";"Beheerst"},$K$12:$K$112,E7))} -> 216875
E8: Totaal restrisico | F8: =SUM(F6:F7) -> 265000
B10: OMSCHRIJVING | L10: KWANTIFICERING | S10: FINANCIËLE KWANTIFICERING | V10: BEHEERSING | Z10: RESTRISICO | AG10: KANS | AH10: FINANCIËLE KWANTIFICERING | AJ10: TIJDSIMPACT
B11: ID | C11: Deelproject | D11: Ongewenste gebeurtenis | E11: Oorzaak(en) | F11: Gevolg(en) | G11: Opmerking risico | H11: Status risico | I11: Risico-eigenaar | J11: Allocatie | K11: Fase | L11: Kans | M11: Tijd | N11: Geld | O11: Kwaliteit | P11: Veiligheid | Q11: Omgeving | R11: Risico | S11: Kans | T11: Geld | U11: Initieel risicio bedrag | V11: Beheersmaatregel | W11: Actiehouder | X11: Status | Y11: Opmerkingen | Z11: Kans | AA11: Tijd | AB11: Geld | AC11: Kwaliteit | AD11: Veiligheid | AE11: Omgeving | AF11: Risico | AG11: Kans | AH11: Rekenwaarde kosten | AI11: Restrisico bedrag | AJ11: Tijdsimpact
B12: 1 | D12: De benodigde ZRO's / grondaankopen zijn niet voor start uitvoering ondertekend. | H12: Vervallen | J12: Liander | K12: Bouwteam | R12: =IFERROR(Tabel2[[#This Row],[Kans]]*SUM(Tabel2[[#This Row],[Tijd]:[Omgeving]]),0) -> 0 | S12: =IFERROR(VLOOKUP(Tabel2[[#This Row],[Kans]],#REF!,9,0),0) -> 0 | T12: =IFERROR(VLOOKUP(Tabel2[[#This Row],[Geld]],#REF!,12,0),0) -> 0 | U12: =Tabel2[[#This Row],[Kans ]]*Tabel2[[#This Row],[Geld ]] -> 0 | V12: 1. Tijdig in VO fase perceeleigenaren benaderen 2. Bij geen akkoord direct gedoogconstructie opstarten 3. Indien bezwaar laatste tekening niet in kleine tijd kan worden opgelost alvast starten met ZRO procedure muv de laatste tekening. 4. Moeilijke percelen naar achteren zetten in uitvoeringsplanning 5. NAOK ondertekenen zonder alle ZRO's mits goed onderbouwd | W12: 1. Isabel Gheza 2. Isabel Gheza 3. Jarno Sman 4. Johan van Dronkelaar 5. Johan van Dronkelaar | X12: 1. Gereed 2. Besluit: Wacht op uitvoering 3. Gereed 4. 12-09-2025 5. 12-09-2025 | Z12: 5 | AA12: 5 | AB12: 2 | AC12: 0 | AD12: 0 | AE12: 4 | AF12: =IFERROR(Tabel2[[#This Row],[Kans ]]*SUM(Tabel2[[#This Row],[Tijd ]:[Omgeving ]]),0) -> 55 | AG12: =VLOOKUP(Tabel2[[#This Row],[Kans ]],KWANTIFICEERTABELLEN!$B$19:$J$26,8,FALSE()) -> 0.4 | AH12: =IF(F$2<KWANTIFICEERTABELLEN!B$4,VLOOKUP(Tabel2[[#This Row],[Geld ]],KWANTIFICEERTABELLEN!$B$6:$J$13,9,FALSE()), IF(AND(F$2>KWANTIFICEERTABELLEN!B$4,$F$2<KWANTIFICEERTABELLEN!B$30),VLOOKUP(Tabel2[[#This Row],[Geld ]],KWANTIFICEERTABELLEN!$B$19:$J$26,9,FALSE()), IF(F$2>KWANTIFICEERTABELLEN!B$30,VLOOKUP(Tabel2[[#This Row],[Geld ]],KWANTIFICEERTABELLEN!$B$32:$J$39,9,FALSE()),))) -> 7500 | AI12: =IFERROR(Tabel2[[#This Row],[Kans ]]*Tabel2[[#This Row],[Rekenwaarde kosten]],0) -> 3000 | AJ12: =IF(F$2<KWANTIFICEERTABELLEN!B$4,VLOOKUP(Tabel2[[#This Row],[Tijd ]],KWANTIFICEERTABELLEN!$B$6:$D$13,3,FALSE()), IF(AND(F$2>KWANTIFICEERTABELLEN!B$4,$F$2<KWANTIFICEERTABELLEN!B$30),VLOOKUP(Tabel2[[#This Row],[Tijd ]],KWANTIFICEERTABELLEN!$B$19:$D$26,3,FALSE()), IF(F$2>KWANTIFICEERTABELLEN!B$30,VLOOKUP(Tabel2[[#This Row],[Tijd ]],KWANTIFICEERTABELLEN!$B$32:$D$39,3,FALSE()),))) -> 4 - 6 weken
B13: 56 | C13: Beiden | D13: Schade aan particulieren percelen | E13: 1. Onzorgvuldige uitvoering 2. Werkafspraken niet nakomen | F13: 1. Perceeleigenaar ontevreden 2. Claims bij Liander 3. Imagoschade 4. Herstelwerkzaamheden | H13: Vigerend | I13: Onno Cavalini | J13: A.Hak | K13: Uitvoering | L13: 1. Warm contact houden met bevoegd gezag | P13: 1 | Q13: 3 | R13: 2 | S13: 0 | T13: 0 | U13: 0 | V13: 1. Werken conform afspraken 2. Aantonen werken conform afspraken 3. Begin- en eindopname 4. Adequate klachtenafhandeling | W13: Uitvoering | X13: Open | Z13: 6 | AA13: 2 | AB13: 4 | AC13: 5 | AD13: 1 | AE13: 2 | AF13: =IFERROR(Tabel2[[#This Row],[Kans ]]*SUM(Tabel2[[#This Row],[Tijd ]:[Omgeving ]]),0) -> 84 | AG13: =VLOOKUP(Tabel2[[#This Row],[Kans ]],KWANTIFICEERTABELLEN!$B$19:$J$26,8,FALSE()) -> 0.5 | AH13: =IF(F$2<KWANTIFICEERTABELLEN!B$4,VLOOKUP(Tabel2[[#This Row],[Geld ]],KWANTIFICEERTABELLEN!$B$6:$J$13,9,FALSE()), IF(AND(F$2>KWANTIFICEERTABELLEN!B$4,$F$2<KWANTIFICEERTABELLEN!B$30),VLOOKUP(Tabel2[[#This Row],[Geld ]],KWANTIFICEERTABELLEN!$B$19:$J$26,9,FALSE()), IF(F$2>KWANTIFICEERTABELLEN!B$30,VLOOKUP(Tabel2[[#This Row],[Geld ]],KWANTIFICEERTABELLEN!$B$32:$J$39,9,FALSE()),))) -> 37500 | AI13: =IFERROR(Tabel2[[#This Row],[Kans ]]*Tabel2[[#This Row],[Rekenwaarde kosten]],0) -> 18750 | AJ13: =IF(F$2<KWANTIFICEERTABELLEN!B$4,VLOOKUP(Tabel2[[#This Row],[Tijd ]],KWANTIFICEERTABELLEN!$B$6:$D$13,3,FALSE()), IF(AND(F$2>KWANTIFICEERTABELLEN!B$4,$F$2<KWANTIFICEERTABELLEN!B$30),VLOOKUP(Tabel2[[#This Row],[Tijd ]],KWANTIFICEERTABELLEN!$B$19:$D$26,3,FALSE()), IF(F$2>KWANTIFICEERTABELLEN!B$30,VLOOKUP(Tabel2[[#This Row],[Tijd ]],KWANTIFICEERTABELLEN!$B$32:$D$39,3,FALSE()),))) -> 0.5 - 1 weken
B14: 3 | D14: De ontwerp- en omgevingsproducten worden niet conform planning opgeleverd. | H14: Vervallen | J14: A.Hak | K14: Bouwteam | R14: =IFERROR(Tabel2[[#This Row],[Kans]]*SUM(Tabel2[[#This Row],[Tijd]:[Omgeving]]),0) -> 0 | V14: 1. Capaciteit engineering op perceel monitoren 2. Locaties voorstellen en bespreken met perceeleigenaren 3. Escaleren naar Job Plas om TM'er aanhaken op het project 4. In overleg met ambtenaar vergunningsaanvraag in delen indienen | W14: 1. Thomas Snoep 2. Isabel Gheza 3. Thomas Snoep 4. Isabel Gheza | X14: 1. Continu 2. Gereed 3. Gereed 4. 28-5-2025 | Z14: 6 | AA14: 6 | AB14: 2 | AC14: 0 | AD14: 0 | AE14: 0 | AF14: =IFERROR(Tabel2[[#This Row],[Kans ]]*SUM(Tabel2[[#This Row],[Tijd ]:[Omgeving ]]),0) -> 48 | AG14: =VLOOKUP(Tabel2[[#This Row],[Kans ]],KWANTIFICEERTABELLEN!$B$19:$J$26,8,FALSE()) -> 0.5 | AH14: =IF(F$2<KWANTIFICEERTABELLEN!B$4,VLOOKUP(Tabel2[[#This Row],[Geld ]],KWANTIFICEERTABELLEN!$B$6:$J$13,9,FALSE()), IF(AND(F$2>KWANTIFICEERTABELLEN!B$4,$F$2<KWANTIFICEERTABELLEN!B$30),VLOOKUP(Tabel2[[#This Row],[Geld ]],KWANTIFICEERTABELLEN!$B$19:$J$26,9,FALSE()), IF(F$2>KWANTIFICEERTABELLEN!B$30,VLOOKUP(Tabel2[[#This Row],[Geld ]],KWANTIFICEERTABELLEN!$B$32:$J$39,9,FALSE()),))) -> 7500 | AI14: =IFERROR(Tabel2[[#This Row],[Kans ]]*Tabel2[[#This Row],[Rekenwaarde kosten]],0) -> 3750 | AJ14: =IF(F$2<KWANTIFICEERTABELLEN!B$4,VLOOKUP(Tabel2[[#This Row],[Tijd ]],KWANTIFICEERTABELLEN!$B$6:$D$13,3,FALSE()), IF(AND(F$2>KWANTIFICEERTABELLEN!B$4,$F$2<KWANTIFICEERTABELLEN!B$30),VLOOKUP(Tabel2[[#This Row],[Tijd ]],KWANTIFICEERTABELLEN!$B$19:$D$26,3,FALSE()), IF(F$2>KWANTIFICEERTABELLEN!B$30,VLOOKUP(Tabel2[[#This Row],[Tijd ]],KWANTIFICEERTABELLEN!$B$32:$D$39,3,FALSE()),))) -> 6 - 8 weken
B15: 4 | D15: Uit het uit te voeren F&F onderzoek blijken aanvullen maatregelen nodig gedurende de uitvoering voor beschermde soorten aanwezig te zijn. (Met name voor de ruggstreeppad) | H15: Vervallen | J15: A.Hak | K15: Uitvoering | R15: =IFERROR(Tabel2[[#This Row],[Kans]]*SUM(Tabel2[[#This Row],[Tijd]:[Omgeving]]),0) -> 0 | V15: 1. In de VO-fase een quick scan uitvoeren. 2. Na quick scan vervolg onderzoek uitvoeren. Hierbij het raakvlak met planing in beeld brengen. 3. Buffer van 50 meter aan beide zijde van het trace meenemen in de F&F onderzoeken. 4. In overleg met TM maatwerkafspraken maken qua onderzoeksgebied. 5. Bij Movares urgentie benadrukken voor stukken OD (Werkprotocol) | W15: 1. Isabel Gheza 2. Isabel Gheza 3. Isabel Gheza 4. Isabel Gheza 5. Isabel Gheza | X15: 1. Gereed 2. Gereed 3. Gereed 4. Gereed 5. Gereed | Z15: 4 | AA15: 5 | AB15: 3 | AC15: 0 | AD15: 0 | AE15: 0 | AF15: =IFERROR(Tabel2[[#This Row],[Kans ]]*SUM(Tabel2[[#This Row],[Tijd ]:[Omgeving ]]),0) -> 32 | AG15: =VLOOKUP(Tabel2[[#This Row],[Kans ]],KWANTIFICEERTABELLEN!$B$19:$J$26,8,FALSE()) -> 0.3 | AH15: =IF(F$2<KWANTIFICEERTABELLEN!B$4,VLOOKUP(Tabel2[[#This Row],[Geld ]],KWANTIFICEERTABELLEN!$B$6:$J$13,9,FALSE()), IF(AND(F$2>KWANTIFICEERTABELLEN!B$4,$F$2<KWANTIFICEERTABELLEN!B$30),VLOOKUP(Tabel2[[#This Row],[Geld ]],KWANTIFICEERTABELLEN!$B$19:$J$26,9,FALSE()), IF(F$2>KWANTIFICEERTABELLEN!B$30,VLOOKUP(Tabel2[[#This Row],[Geld ]],KWANTIFICEERTABELLEN!$B$32:$J$39,9,FALSE()),))) -> 17500 | AI15: =IFERROR(Tabel2[[#This Row],[Kans ]]*Tabel2[[#This Row],[Rekenwaarde kosten]],0) -> 5250 | AJ15: =IF(F$2<KWANTIFICEERTABELLEN!B$4,VLOOKUP(Tabel2[[#This Row],[Tijd ]],KWANTIFICEERTABELLEN!$B$6:$D$13,3,FALSE()), IF(AND(F$2>KWANTIFICEERTABELLEN!B$4,$F$2<KWANTIFICEERTABELLEN!B$30),VLOOKUP(Tabel2[[#This Row],[Tijd ]],KWANTIFICEERTABELLEN!$B$19:$D$26,3,FALSE()), IF(F$2>KWANTIFICEERTABELLEN!B$30,VLOOKUP(Tabel2[[#This Row],[Tijd ]],KWANTIFICEERTABELLEN!$B$32:$D$39,3,FALSE()),))) -> 4 - 6 weken
B16: 5 | D16: Aanpassingen vergunningen worden niet op tijd goedgekeurd door gemeente Hollands Kroon. | E16: 1. Onvoldoende capaciteit bij de gemeente Hollands Kroon voor tijdige beoordeling; 2. Aanpassingen aan het ontwerp of tracé na indiening vereisen herindieningsronden; 3. Indieningseisen onduidelijk of de gemeente hanteert een aanvullende beslistermijn. | F16: 1. Vertraging in de voorbereidingsfase doordat werkzaamheden niet mogen starten; 2. IBN datum verschuift, met extra stand-bykosten voor personeel en materieel; 3. Rework engineering bij afgekeurde vergunningsindieningsronden. | G16: Afgetikt bij MSR (Schelpenbolweg 11 en 15) | H16: Vervallen | I16: Isabel Gheza | J16: Liander | K16: Bouwteam | L16: 5 | M16: 6 | N16: 2 | O16: 0 | P16: 0 | Q16: 4 | R16: =IFERROR(Tabel2[[#This Row],[Kans]]*SUM(Tabel2[[#This Row],[Tijd]:[Omgeving]]),0) -> 60 | V16: 1. Tijdig opstarten van het vergunningentraject 2. In de planning 6 wkn extra behandeltermijn opnemen. 3. Liander voert escalatiegesprekken om zaken sneller te laten verlopen | W16: 1. Isabel Gheza 2. Isabel Gheza 3. Liander | X16: 1. Gereed 2. Gereed 3. Gereed | Z16: 2 | AA16: 6 | AB16: 2 | AC16: 0 | AD16: 0 | AE16: 4 | AF16: =IFERROR(Tabel2[[#This Row],[Kans ]]*SUM(Tabel2[[#This Row],[Tijd ]:[Omgeving ]]),0) -> 24 | AG16: =VLOOKUP(Tabel2[[#This Row],[Kans ]],KWANTIFICEERTABELLEN!$B$19:$J$26,8,FALSE()) -> 0.1 | AH16: =IF(F$2<KWANTIFICEERTABELLEN!B$4,VLOOKUP(Tabel2[[#This Row],[Geld ]],KWANTIFICEERTABELLEN!$B$6:$J$13,9,FALSE()), IF(AND(F$2>KWANTIFICEERTABELLEN!B$4,$F$2<KWANTIFICEERTABELLEN!B$30),VLOOKUP(Tabel2[[#This Row],[Geld ]],KWANTIFICEERTABELLEN!$B$19:$J$26,9,FALSE()), IF(F$2>KWANTIFICEERTABELLEN!B$30,VLOOKUP(Tabel2[[#This Row],[Geld ]],KWANTIFICEERTABELLEN!$B$32:$J$39,9,FALSE()),))) -> 7500 | AI16: =IFERROR(Tabel2[[#This Row],[Kans ]]*Tabel2[[#This Row],[Rekenwaarde kosten]],0) -> 750 | AJ16: =IF(F$2<KWANTIFICEERTABELLEN!B$4,VLOOKUP(Tabel2[[#This Row],[Tijd ]],KWANTIFICEERTABELLEN!$B$6:$D$13,3,FALSE()), IF(AND(F$2>KWANTIFICEERTABELLEN!B$4,$F$2<KWANTIFICEERTABELLEN!B$30),VLOOKUP(Tabel2[[#This Row],[Tijd ]],KWANTIFICEERTABELLEN!$B$19:$D$26,3,FALSE()), IF(F$2>KWANTIFICEERTABELLEN!B$30,VLOOKUP(Tabel2[[#This Row],[Tijd ]],KWANTIFICEERTABELLEN!$B$32:$D$39,3,FALSE()),))) -> 6 - 8 weken
B17: 6 | D17: Informatie vanuit DRILCON wordt niet tijdig opgeleverd voor opleveren DO | H17: Vervallen | J17: Bouwteam | K17: Bouwteam | R17: =IFERROR(Tabel2[[#This Row],[Kans]]*SUM(Tabel2[[#This Row],[Tijd]:[Omgeving]]),0) -> 0 | V17: 1. Druk uitoefenen en nut en noodzaak van opleveren tekeningen toelichten aan DRILCON | W17: 1. Thomas Snoep | X17: 1. 10-04-2025 | AF17: =IFERROR(Tabel2[[#This Row],[Kans ]]*SUM(Tabel2[[#This Row],[Tijd ]:[Omgeving ]]),0) -> 0 | AG17: =VLOOKUP(Tabel2[[#This Row],[Kans ]],KWANTIFICEERTABELLEN!$B$19:$J$26,8,FALSE()) -> 0 | AH17: =IF(F$2<KWANTIFICEERTABELLEN!B$4,VLOOKUP(Tabel2[[#This Row],[Geld ]],KWANTIFICEERTABELLEN!$B$6:$J$13,9,FALSE()), IF(AND(F$2>KWANTIFICEERTABELLEN!B$4,$F$2<KWANTIFICEERTABELLEN!B$30),VLOOKUP(Tabel2[[#This Row],[Geld ]],KWANTIFICEERTABELLEN!$B$19:$J$26,9,FALSE()), IF(F$2>KWANTIFICEERTABELLEN!B$30,VLOOKUP(Tabel2[[#This Row],[Geld ]],KWANTIFICEERTABELLEN!$B$32:$J$39,9,FALSE()),))) -> 0 | AI17: =IFERROR(Tabel2[[#This Row],[Kans ]]*Tabel2[[#This Row],[Rekenwaarde kosten]],0) -> 0 | AJ17: =IF(F$2<KWANTIFICEERTABELLEN!B$4,VLOOKUP(Tabel2[[#This Row],[Tijd ]],KWANTIFICEERTABELLEN!$B$6:$D$13,3,FALSE()), IF(AND(F$2>KWANTIFICEERTABELLEN!B$4,$F$2<KWANTIFICEERTABELLEN!B$30),VLOOKUP(Tabel2[[#This Row],[Tijd ]],KWANTIFICEERTABELLEN!$B$19:$D$26,3,FALSE()), IF(F$2>KWANTIFICEERTABELLEN!B$30,VLOOKUP(Tabel2[[#This Row],[Tijd ]],KWANTIFICEERTABELLEN!$B$32:$D$39,3,FALSE()),))) -> Geen impact
B18: 7 | D18: De efficientie van de samenwerking tussen verschillende disciplines verloopt niet optimaal. | H18: Vervallen | J18: Bouwteam | K18: Uitvoering | R18: =IFERROR(Tabel2[[#This Row],[Kans]]*SUM(Tabel2[[#This Row],[Tijd]:[Omgeving]]),0) -> 0 | V18: 1. Structureel aandacht voor processen en check hierop 2. Clearly en planning delen op het scherm 3. Producten eerder voorleggen / valideren | W18: 1. Jos Verstappen 2. PM 3. TM | AF18: =IFERROR(Tabel2[[#This Row],[Kans ]]*SUM(Tabel2[[#This Row],[Tijd ]:[Omgeving ]]),0) -> 0 | AG18: =VLOOKUP(Tabel2[[#This Row],[Kans ]],KWANTIFICEERTABELLEN!$B$19:$J$26,8,FALSE()) -> 0 | AH18: =IF(F$2<KWANTIFICEERTABELLEN!B$4,VLOOKUP(Tabel2[[#This Row],[Geld ]],KWANTIFICEERTABELLEN!$B$6:$J$13,9,FALSE()), IF(AND(F$2>KWANTIFICEERTABELLEN!B$4,$F$2<KWANTIFICEERTABELLEN!B$30),VLOOKUP(Tabel2[[#This Row],[Geld ]],KWANTIFICEERTABELLEN!$B$19:$J$26,9,FALSE()), IF(F$2>KWANTIFICEERTABELLEN!B$30,VLOOKUP(Tabel2[[#This Row],[Geld ]],KWANTIFICEERTABELLEN!$B$32:$J$39,9,FALSE()),))) -> 0 | AI18: =IFERROR(Tabel2[[#This Row],[Kans ]]*Tabel2[[#This Row],[Rekenwaarde kosten]],0) -> 0 | AJ18: =IF(F$2<KWANTIFICEERTABELLEN!B$4,VLOOKUP(Tabel2[[#This Row],[Tijd ]],KWANTIFICEERTABELLEN!$B$6:$D$13,3,FALSE()), IF(AND(F$2>KWANTIFICEERTABELLEN!B$4,$F$2<KWANTIFICEERTABELLEN!B$30),VLOOKUP(Tabel2[[#This Row],[Tijd ]],KWANTIFICEERTABELLEN!$B$19:$D$26,3,FALSE()), IF(F$2>KWANTIFICEERTABELLEN!B$30,VLOOKUP(Tabel2[[#This Row],[Tijd ]],KWANTIFICEERTABELLEN!$B$32:$D$39,3,FALSE()),))) -> Geen impact
B19: 21 | C19: DP1 (Hoofdtracé) | D19: Vergunning voor 2 MSR's (schelpenbolweg 15 en 11) wordt niet (tijdig) verleend door Gemeente Hollands Kroon | E19: 1. Onvoldoende capaciteit bij de gemeente voor tijdige vergunningverlening; 2. Indieningseisen onduidelijk of de gemeente stelt onredelijke eisen; 3. Gemeente neemt een aanvullende beslistermijn op, of er worden bezwaarproceduresprocedures gestart. | F19: 1. Werkzaamheden kunnen niet tijdig worden gestart, waardoor de IBN datum verschuift; 2. Extra stand-bykosten voor personeel, materieel en de projectorganisatie; 3. Mogelijke herindieningsronde bij afkeur, met extra engineering- en proceskosten. | H19: Vigerend | I19: Isabel Gheza | J19: Bouwteam | K19: Bouwteam | L19: 5 | M19: 6 | N19: 0 | O19: 0 | P19: 0 | Q19: 4 | R19: =IFERROR(Tabel2[[#This Row],[Kans]]*SUM(Tabel2[[#This Row],[Tijd]:[Omgeving]]),0) -> 50 | V19: 1. Warm contact houden met de Gemeente | W19: 1. Isabel Gheza | X19: 1. Gereed | Z19: 4 | AA19: 6 | AB19: 6 | AC19: 6 | AD19: 0 | AE19: 1 | AF19: =IFERROR(Tabel2[[#This Row],[Kans ]]*SUM(Tabel2[[#This Row],[Tijd ]:[Omgeving ]]),0) -> 76 | AG19: =VLOOKUP(Tabel2[[#This Row],[Kans ]],KWANTIFICEERTABELLEN!$B$19:$J$26,8,FALSE()) -> 0.3 | AH19: =IF(F$2<KWANTIFICEERTABELLEN!B$4,VLOOKUP(Tabel2[[#This Row],[Geld ]],KWANTIFICEERTABELLEN!$B$6:$J$13,9,FALSE()), IF(AND(F$2>KWANTIFICEERTABELLEN!B$4,$F$2<KWANTIFICEERTABELLEN!B$30),VLOOKUP(Tabel2[[#This Row],[Geld ]],KWANTIFICEERTABELLEN!$B$19:$J$26,9,FALSE()), IF(F$2>KWANTIFICEERTABELLEN!B$30,VLOOKUP(Tabel2[[#This Row],[Geld ]],KWANTIFICEERTABELLEN!$B$32:$J$39,9,FALSE()),))) -> 87500 | AI19: =IFERROR(Tabel2[[#This Row],[Kans ]]*Tabel2[[#This Row],[Rekenwaarde kosten]],0) -> 26250 | AJ19: =IF(F$2<KWANTIFICEERTABELLEN!B$4,VLOOKUP(Tabel2[[#This Row],[Tijd ]],KWANTIFICEERTABELLEN!$B$6:$D$13,3,FALSE()), IF(AND(F$2>KWANTIFICEERTABELLEN!B$4,$F$2<KWANTIFICEERTABELLEN!B$30),VLOOKUP(Tabel2[[#This Row],[Tijd ]],KWANTIFICEERTABELLEN!$B$19:$D$26,3,FALSE()), IF(F$2>KWANTIFICEERTABELLEN!B$30,VLOOKUP(Tabel2[[#This Row],[Tijd ]],KWANTIFICEERTABELLEN!$B$32:$D$39,3,FALSE()),))) -> 6 - 8 weken
B20: 9 | D20: Belastbaarheidsberekeningen zijn niet voor GSU uitgevoerd. | H20: Vervallen | J20: Bouwteam | K20: Bouwteam | R20: =IFERROR(Tabel2[[#This Row],[Kans]]*SUM(Tabel2[[#This Row],[Tijd]:[Omgeving]]),0) -> 0 | V20: 1. Keuze maken om een Boorbuis onderwater te zetten 2. Keuze maken om Dikkere diameter (van 240 naar 630) toe te passen. 3. Controleren of bij het project een belastbaarheidsberekening moet worden uitgevoerd bij Reimer Lap | W20: 1. Isabel Gheza 2. Isabel Gheza 3. Isabel Gheza | X20: 1. 9-05-2025 2. 9-05-2025 3. 9-05-2025 | AF20: =IFERROR(Tabel2[[#This Row],[Kans ]]*SUM(Tabel2[[#This Row],[Tijd ]:[Omgeving ]]),0) -> 0 | AG20: =VLOOKUP(Tabel2[[#This Row],[Kans ]],KWANTIFICEERTABELLEN!$B$19:$J$26,8,FALSE()) -> 0 | AH20: =IF(F$2<KWANTIFICEERTABELLEN!B$4,VLOOKUP(Tabel2[[#This Row],[Geld ]],KWANTIFICEERTABELLEN!$B$6:$J$13,9,FALSE()), IF(AND(F$2>KWANTIFICEERTABELLEN!B$4,$F$2<KWANTIFICEERTABELLEN!B$30),VLOOKUP(Tabel2[[#This Row],[Geld ]],KWANTIFICEERTABELLEN!$B$19:$J$26,9,FALSE()), IF(F$2>KWANTIFICEERTABELLEN!B$30,VLOOKUP(Tabel2[[#This Row],[Geld ]],KWANTIFICEERTABELLEN!$B$32:$J$39,9,FALSE()),))) -> 0 | AI20: =IFERROR(Tabel2[[#This Row],[Kans ]]*Tabel2[[#This Row],[Rekenwaarde kosten]],0) -> 0 | AJ20: =IF(F$2<KWANTIFICEERTABELLEN!B$4,VLOOKUP(Tabel2[[#This Row],[Tijd ]],KWANTIFICEERTABELLEN!$B$6:$D$13,3,FALSE()), IF(AND(F$2>KWANTIFICEERTABELLEN!B$4,$F$2<KWANTIFICEERTABELLEN!B$30),VLOOKUP(Tabel2[[#This Row],[Tijd ]],KWANTIFICEERTABELLEN!$B$19:$D$26,3,FALSE()), IF(F$2>KWANTIFICEERTABELLEN!B$30,VLOOKUP(Tabel2[[#This Row],[Tijd ]],KWANTIFICEERTABELLEN!$B$32:$D$39,3,FALSE()),))) -> Geen impact
B21: 10 | D21: Data waarop nieuwe stations worden geplaatst worden niet gehaald | H21: Vervallen | J21: Bouwteam | K21: Uitvoering | R21: =IFERROR(Tabel2[[#This Row],[Kans]]*SUM(Tabel2[[#This Row],[Tijd]:[Omgeving]]),0) -> 0 | V21: 1. Stations waar ruggstreeppad is gevestigd los halen uit de aanvraag voor inlussen van de kabels bij de stations. 2. In BTO mogelijke vertraging doornemen -> Wordt in weeklys behandeld. 3. Onderzoeken of Stations al wel te plaatsen zijn (zonder sleuven) | W21: 1. Jarno Sman 2. Johan van Dronkelaar 3. Thijs Baauw | X21: 1. 8-10-2025 2. Gereed 3. 8-7-2025 | AF21: =IFERROR(Tabel2[[#This Row],[Kans ]]*SUM(Tabel2[[#This Row],[Tijd ]:[Omgeving ]]),0) -> 0 | AG21: =VLOOKUP(Tabel2[[#This Row],[Kans ]],KWANTIFICEERTABELLEN!$B$19:$J$26,8,FALSE()) -> 0 | AH21: =IF(F$2<KWANTIFICEERTABELLEN!B$4,VLOOKUP(Tabel2[[#This Row],[Geld ]],KWANTIFICEERTABELLEN!$B$6:$J$13,9,FALSE()), IF(AND(F$2>KWANTIFICEERTABELLEN!B$4,$F$2<KWANTIFICEERTABELLEN!B$30),VLOOKUP(Tabel2[[#This Row],[Geld ]],KWANTIFICEERTABELLEN!$B$19:$J$26,9,FALSE()), IF(F$2>KWANTIFICEERTABELLEN!B$30,VLOOKUP(Tabel2[[#This Row],[Geld ]],KWANTIFICEERTABELLEN!$B$32:$J$39,9,FALSE()),))) -> 0 | AI21: =IFERROR(Tabel2[[#This Row],[Kans ]]*Tabel2[[#This Row],[Rekenwaarde kosten]],0) -> 0 | AJ21: =IF(F$2<KWANTIFICEERTABELLEN!B$4,VLOOKUP(Tabel2[[#This Row],[Tijd ]],KWANTIFICEERTABELLEN!$B$6:$D$13,3,FALSE()), IF(AND(F$2>KWANTIFICEERTABELLEN!B$4,$F$2<KWANTIFICEERTABELLEN!B$30),VLOOKUP(Tabel2[[#This Row],[Tijd ]],KWANTIFICEERTABELLEN!$B$19:$D$26,3,FALSE()), IF(F$2>KWANTIFICEERTABELLEN!B$30,VLOOKUP(Tabel2[[#This Row],[Tijd ]],KWANTIFICEERTABELLEN!$B$32:$D$39,3,FALSE()),))) -> Geen impact
B22: 11 | D22: MSR zijn niet tijdig geplaatst voor het opvolgen vanuit de uitvoering (inlussen van de kabel) | G22: Onderverdeeld in losse risico's | H22: Vervallen | J22: Liander | K22: Uitvoering | R22: =IFERROR(Tabel2[[#This Row],[Kans]]*SUM(Tabel2[[#This Row],[Tijd]:[Omgeving]]),0) -> 0 | V22: 1. Bij perceeleigenaar op gesprek gaan over de te plaatsen MSR'en 2. Stationswerken pas laten starten bij ondertekenen grondaankoop. 3. In de planning rekening houden met 14 weken GR en 6 weken navolgend voor het plaatsen van de stations 4. Bij perceeleigenaar (irt weerstand tegen bomenkap) om tafel voor locatiebepaling grondaankoop 5. Indien 1 overblijft wel overgaan naar IBN, 1 onder restwerk scharen | W22: 1. Jarno Sman 2. Jarno Sman 3. Johan van Dronkelaar 4. Jarno Sman 5. Martin Korteschiel | X22: 1.Gereed 2. Gereed. 3. Gereed 4. 3-10-2025 5. 1-7-2026 | AF22: =IFERROR(Tabel2[[#This Row],[Kans ]]*SUM(Tabel2[[#This Row],[Tijd ]:[Omgeving ]]),0) -> 0 | AG22: =VLOOKUP(Tabel2[[#This Row],[Kans ]],KWANTIFICEERTABELLEN!$B$19:$J$26,8,FALSE()) -> 0 | AH22: =IF(F$2<KWANTIFICEERTABELLEN!B$4,VLOOKUP(Tabel2[[#This Row],[Geld ]],KWANTIFICEERTABELLEN!$B$6:$J$13,9,FALSE()), IF(AND(F$2>KWANTIFICEERTABELLEN!B$4,$F$2<KWANTIFICEERTABELLEN!B$30),VLOOKUP(Tabel2[[#This Row],[Geld ]],KWANTIFICEERTABELLEN!$B$19:$J$26,9,FALSE()), IF(F$2>KWANTIFICEERTABELLEN!B$30,VLOOKUP(Tabel2[[#This Row],[Geld ]],KWANTIFICEERTABELLEN!$B$32:$J$39,9,FALSE()),))) -> 0 | AI22: =IFERROR(Tabel2[[#This Row],[Kans ]]*Tabel2[[#This Row],[Rekenwaarde kosten]],0) -> 0 | AJ22: =IF(F$2<KWANTIFICEERTABELLEN!B$4,VLOOKUP(Tabel2[[#This Row],[Tijd ]],KWANTIFICEERTABELLEN!$B$6:$D$13,3,FALSE()), IF(AND(F$2>KWANTIFICEERTABELLEN!B$4,$F$2<KWANTIFICEERTABELLEN!B$30),VLOOKUP(Tabel2[[#This Row],[Tijd ]],KWANTIFICEERTABELLEN!$B$19:$D$26,3,FALSE()), IF(F$2>KWANTIFICEERTABELLEN!B$30,VLOOKUP(Tabel2[[#This Row],[Tijd ]],KWANTIFICEERTABELLEN!$B$32:$D$39,3,FALSE()),))) -> Geen impact
B23: 12 | D23: Bedieningshandelingen zijn niet voldoende meegenomen in de planning | H23: Vervallen | J23: A.Hak | K23: Uitvoering | R23: =IFERROR(Tabel2[[#This Row],[Kans]]*SUM(Tabel2[[#This Row],[Tijd]:[Omgeving]]),0) -> 0 | V23: 1. Indienen van afwijking | W23: 1. Thomas Snoep | X23: 1. Gereed | AF23: =IFERROR(Tabel2[[#This Row],[Kans ]]*SUM(Tabel2[[#This Row],[Tijd ]:[Omgeving ]]),0) -> 0 | AG23: =VLOOKUP(Tabel2[[#This Row],[Kans ]],KWANTIFICEERTABELLEN!$B$19:$J$26,8,FALSE()) -> 0 | AH23: =IF(F$2<KWANTIFICEERTABELLEN!B$4,VLOOKUP(Tabel2[[#This Row],[Geld ]],KWANTIFICEERTABELLEN!$B$6:$J$13,9,FALSE()), IF(AND(F$2>KWANTIFICEERTABELLEN!B$4,$F$2<KWANTIFICEERTABELLEN!B$30),VLOOKUP(Tabel2[[#This Row],[Geld ]],KWANTIFICEERTABELLEN!$B$19:$J$26,9,FALSE()), IF(F$2>KWANTIFICEERTABELLEN!B$30,VLOOKUP(Tabel2[[#This Row],[Geld ]],KWANTIFICEERTABELLEN!$B$32:$J$39,9,FALSE()),))) -> 0 | AI23: =IFERROR(Tabel2[[#This Row],[Kans ]]*Tabel2[[#This Row],[Rekenwaarde kosten]],0) -> 0 | AJ23: =IF(F$2<KWANTIFICEERTABELLEN!B$4,VLOOKUP(Tabel2[[#This Row],[Tijd ]],KWANTIFICEERTABELLEN!$B$6:$D$13,3,FALSE()), IF(AND(F$2>KWANTIFICEERTABELLEN!B$4,$F$2<KWANTIFICEERTABELLEN!B$30),VLOOKUP(Tabel2[[#This Row],[Tijd ]],KWANTIFICEERTABELLEN!$B$19:$D$26,3,FALSE()), IF(F$2>KWANTIFICEERTABELLEN!B$30,VLOOKUP(Tabel2[[#This Row],[Tijd ]],KWANTIFICEERTABELLEN!$B$32:$D$39,3,FALSE()),))) -> Geen impact
B24: 13 | D24: Raakvlak met Gemeente Hollands Kroon is ingrijpender dan verwacht | H24: Vervallen | J24: Bouwteam | K24: Bouwteam | R24: =IFERROR(Tabel2[[#This Row],[Kans]]*SUM(Tabel2[[#This Row],[Tijd]:[Omgeving]]),0) -> 0 | V24: 1. Uitvoeringsplanning afstemmen om te kijken of vanaf tegenovergestelde zijde kan worden gestart met de uitvoering. 2. Onderzoeken of het mogelijk is om gedeeltelijk werkzaamheden uit te voeren om werk te borgen. 3. Voorgaand contact met gemeente onderzoeken op mogelijke raakvlakken. | W24: 1. Thomas Snoep 2. Wouter Duif 3. Peter Joustra | X24: 1. 16-04-2025 2. 09-04-2025 1. 1-05-2025 | AF24: =IFERROR(Tabel2[[#This Row],[Kans ]]*SUM(Tabel2[[#This Row],[Tijd ]:[Omgeving ]]),0) -> 0 | AG24: =VLOOKUP(Tabel2[[#This Row],[Kans ]],KWANTIFICEERTABELLEN!$B$19:$J$26,8,FALSE()) -> 0 | AH24: =IF(F$2<KWANTIFICEERTABELLEN!B$4,VLOOKUP(Tabel2[[#This Row],[Geld ]],KWANTIFICEERTABELLEN!$B$6:$J$13,9,FALSE()), IF(AND(F$2>KWANTIFICEERTABELLEN!B$4,$F$2<KWANTIFICEERTABELLEN!B$30),VLOOKUP(Tabel2[[#This Row],[Geld ]],KWANTIFICEERTABELLEN!$B$19:$J$26,9,FALSE()), IF(F$2>KWANTIFICEERTABELLEN!B$30,VLOOKUP(Tabel2[[#This Row],[Geld ]],KWANTIFICEERTABELLEN!$B$32:$J$39,9,FALSE()),))) -> 0 | AI24: =IFERROR(Tabel2[[#This Row],[Kans ]]*Tabel2[[#This Row],[Rekenwaarde kosten]],0) -> 0 | AJ24: =IF(F$2<KWANTIFICEERTABELLEN!B$4,VLOOKUP(Tabel2[[#This Row],[Tijd ]],KWANTIFICEERTABELLEN!$B$6:$D$13,3,FALSE()), IF(AND(F$2>KWANTIFICEERTABELLEN!B$4,$F$2<KWANTIFICEERTABELLEN!B$30),VLOOKUP(Tabel2[[#This Row],[Tijd ]],KWANTIFICEERTABELLEN!$B$19:$D$26,3,FALSE()), IF(F$2>KWANTIFICEERTABELLEN!B$30,VLOOKUP(Tabel2[[#This Row],[Tijd ]],KWANTIFICEERTABELLEN!$B$32:$D$39,3,FALSE()),))) -> Geen impact
B25: 14 | D25: Gedurende het ZRO proces vinden er nog wijzigingen aan ZR tekeningen plaats. | H25: Vervallen | J25: Bouwteam | K25: Bouwteam | R25: =IFERROR(Tabel2[[#This Row],[Kans]]*SUM(Tabel2[[#This Row],[Tijd]:[Omgeving]]),0) -> 0 | V25: 1. ontwerp van opvolgende (deel)tracés verder te engineeren voor opleveren huidig tracé om wijzigingen in aansluitingen te voorkomen. 2. Via het aanspreekpunt vanuit Techniek sturen op het al verder doorontwerpen van de opvolgende tracés 3. Vastleggen hoe eisen en wensen van stakeholders worden geregistreerd en tussen OM en TM worden gedeeld. 4. Werkinstructie / Proces voor een goedgekeurde design-freeze na tollgate DO op het ontwerp. | AF25: =IFERROR(Tabel2[[#This Row],[Kans ]]*SUM(Tabel2[[#This Row],[Tijd ]:[Omgeving ]]),0) -> 0 | AG25: =VLOOKUP(Tabel2[[#This Row],[Kans ]],KWANTIFICEERTABELLEN!$B$19:$J$26,8,FALSE()) -> 0 | AH25: =IF(F$2<KWANTIFICEERTABELLEN!B$4,VLOOKUP(Tabel2[[#This Row],[Geld ]],KWANTIFICEERTABELLEN!$B$6:$J$13,9,FALSE()), IF(AND(F$2>KWANTIFICEERTABELLEN!B$4,$F$2<KWANTIFICEERTABELLEN!B$30),VLOOKUP(Tabel2[[#This Row],[Geld ]],KWANTIFICEERTABELLEN!$B$19:$J$26,9,FALSE()), IF(F$2>KWANTIFICEERTABELLEN!B$30,VLOOKUP(Tabel2[[#This Row],[Geld ]],KWANTIFICEERTABELLEN!$B$32:$J$39,9,FALSE()),))) -> 0 | AI25: =IFERROR(Tabel2[[#This Row],[Kans ]]*Tabel2[[#This Row],[Rekenwaarde kosten]],0) -> 0 | AJ25: =IF(F$2<KWANTIFICEERTABELLEN!B$4,VLOOKUP(Tabel2[[#This Row],[Tijd ]],KWANTIFICEERTABELLEN!$B$6:$D$13,3,FALSE()), IF(AND(F$2>KWANTIFICEERTABELLEN!B$4,$F$2<KWANTIFICEERTABELLEN!B$30),VLOOKUP(Tabel2[[#This Row],[Tijd ]],KWANTIFICEERTABELLEN!$B$19:$D$26,3,FALSE()), IF(F$2>KWANTIFICEERTABELLEN!B$30,VLOOKUP(Tabel2[[#This Row],[Tijd ]],KWANTIFICEERTABELLEN!$B$32:$D$39,3,FALSE()),))) -> Geen impact
B26: 15 | D26: Gemeente keurt de vergunning niet in een keer goed. | H26: Vervallen | J26: A.Hak | K26: Bouwteam | R26: =IFERROR(Tabel2[[#This Row],[Kans]]*SUM(Tabel2[[#This Row],[Tijd]:[Omgeving]]),0) -> 0 | V26: 1. Vergunning tijdig indienen 2. Overleg met Gemeente om te achterhalen of lange duur procedure vanwege capaciteitsgebrek of afkeur van punten plaatsvind. | W26: 1. Isabel Gheza 2. Isabel Gheza | X26: 1. Gereed 2. Gereed | AF26: =IFERROR(Tabel2[[#This Row],[Kans ]]*SUM(Tabel2[[#This Row],[Tijd ]:[Omgeving ]]),0) -> 0 | AG26: =VLOOKUP(Tabel2[[#This Row],[Kans ]],KWANTIFICEERTABELLEN!$B$19:$J$26,8,FALSE()) -> 0 | AH26: =IF(F$2<KWANTIFICEERTABELLEN!B$4,VLOOKUP(Tabel2[[#This Row],[Geld ]],KWANTIFICEERTABELLEN!$B$6:$J$13,9,FALSE()), IF(AND(F$2>KWANTIFICEERTABELLEN!B$4,$F$2<KWANTIFICEERTABELLEN!B$30),VLOOKUP(Tabel2[[#This Row],[Geld ]],KWANTIFICEERTABELLEN!$B$19:$J$26,9,FALSE()), IF(F$2>KWANTIFICEERTABELLEN!B$30,VLOOKUP(Tabel2[[#This Row],[Geld ]],KWANTIFICEERTABELLEN!$B$32:$J$39,9,FALSE()),))) -> 0 | AI26: =IFERROR(Tabel2[[#This Row],[Kans ]]*Tabel2[[#This Row],[Rekenwaarde kosten]],0) -> 0 | AJ26: =IF(F$2<KWANTIFICEERTABELLEN!B$4,VLOOKUP(Tabel2[[#This Row],[Tijd ]],KWANTIFICEERTABELLEN!$B$6:$D$13,3,FALSE()), IF(AND(F$2>KWANTIFICEERTABELLEN!B$4,$F$2<KWANTIFICEERTABELLEN!B$30),VLOOKUP(Tabel2[[#This Row],[Tijd ]],KWANTIFICEERTABELLEN!$B$19:$D$26,3,FALSE()), IF(F$2>KWANTIFICEERTABELLEN!B$30,VLOOKUP(Tabel2[[#This Row],[Tijd ]],KWANTIFICEERTABELLEN!$B$32:$D$39,3,FALSE()),))) -> Geen impact
B27: 16 | D27: Er is geen gedegen dossieroverdracht vanuit omgeving mogelijk naar G&R | H27: Vervallen | J27: Bouwteam | K27: Bouwteam | R27: =IFERROR(Tabel2[[#This Row],[Kans]]*SUM(Tabel2[[#This Row],[Tijd]:[Omgeving]]),0) -> 0 | AF27: =IFERROR(Tabel2[[#This Row],[Kans ]]*SUM(Tabel2[[#This Row],[Tijd ]:[Omgeving ]]),0) -> 0 | AG27: =VLOOKUP(Tabel2[[#This Row],[Kans ]],KWANTIFICEERTABELLEN!$B$19:$J$26,8,FALSE()) -> 0 | AH27: =IF(F$2<KWANTIFICEERTABELLEN!B$4,VLOOKUP(Tabel2[[#This Row],[Geld ]],KWANTIFICEERTABELLEN!$B$6:$J$13,9,FALSE()), IF(AND(F$2>KWANTIFICEERTABELLEN!B$4,$F$2<KWANTIFICEERTABELLEN!B$30),VLOOKUP(Tabel2[[#This Row],[Geld ]],KWANTIFICEERTABELLEN!$B$19:$J$26,9,FALSE()), IF(F$2>KWANTIFICEERTABELLEN!B$30,VLOOKUP(Tabel2[[#This Row],[Geld ]],KWANTIFICEERTABELLEN!$B$32:$J$39,9,FALSE()),))) -> 0 | AI27: =IFERROR(Tabel2[[#This Row],[Kans ]]*Tabel2[[#This Row],[Rekenwaarde kosten]],0) -> 0 | AJ27: =IF(F$2<KWANTIFICEERTABELLEN!B$4,VLOOKUP(Tabel2[[#This Row],[Tijd ]],KWANTIFICEERTABELLEN!$B$6:$D$13,3,FALSE()), IF(AND(F$2>KWANTIFICEERTABELLEN!B$4,$F$2<KWANTIFICEERTABELLEN!B$30),VLOOKUP(Tabel2[[#This Row],[Tijd ]],KWANTIFICEERTABELLEN!$B$19:$D$26,3,FALSE()), IF(F$2>KWANTIFICEERTABELLEN!B$30,VLOOKUP(Tabel2[[#This Row],[Tijd ]],KWANTIFICEERTABELLEN!$B$32:$D$39,3,FALSE()),))) -> Geen impact
B28: 69 | C28: Beiden | D28: Brandstofprijzen verhoogd | E28: 1. Geopolitieke bewegingen | F28: 1. Hogere kosten voor transport (intern en extern) 2. Hogere kosten HDPE 3. Hogere kosten operatie | H28: Actueel | I28: Onno Cavalini | J28: Liander | K28: Uitvoering | L28: 6 | M28: 5 | N28: 7 | O28: 3 | P28: 0 | Q28: 0 | R28: =IFERROR(Tabel2[[#This Row],[Kans]]*SUM(Tabel2[[#This Row],[Tijd]:[Omgeving]]),0) -> 90 | S28: =IF(F$2<KWANTIFICEERTABELLEN!B$17,_xlfn.XLOOKUP(Tabel2[[#This Row],[Kans]],KWANTIFICEERTABELLEN!$B$6:$B$13,KWANTIFICEERTABELLEN!I$6:I$13,), IF(AND(F$2>KWANTIFICEERTABELLEN!B$17,$F$2<KWANTIFICEERTABELLEN!B$30),_xlfn.XLOOKUP(Tabel2[[#This Row],[Kans]],KWANTIFICEERTABELLEN!$B$19:$B$26,KWANTIFICEERTABELLEN!I$19:I$26), IF(F$2>KWANTIFICEERTABELLEN!B$30,_xlfn.XLOOKUP(Tabel2[[#This Row],[Kans]],KWANTIFICEERTABELLEN!$B$32:$B$39,KWANTIFICEERTABELLEN!I$32:I$39)))) -> 0.5 | V28: 1. Vroegtijdig inkopen | Z28: 5 | AA28: 5 | AB28: 7 | AC28: 3 | AD28: 0 | AE28: 0 | AF28: =IFERROR(Tabel2[[#This Row],[Kans ]]*SUM(Tabel2[[#This Row],[Tijd ]:[Omgeving ]]),0) -> 75 | AG28: =IF(F$2<KWANTIFICEERTABELLEN!B$17,_xlfn.XLOOKUP(Tabel2[[#This Row],[Kans ]],KWANTIFICEERTABELLEN!$B$6:$B$13,KWANTIFICEERTABELLEN!I$6:I$13,), IF(AND(F$2>KWANTIFICEERTABELLEN!B$17,$F$2<KWANTIFICEERTABELLEN!B$30),_xlfn.XLOOKUP(Tabel2[[#This Row],[Kans ]],KWANTIFICEERTABELLEN!$B$19:$B$26,KWANTIFICEERTABELLEN!I$19:I$26), IF(F$2>KWANTIFICEERTABELLEN!B$30,_xlfn.XLOOKUP(Tabel2[[#This Row],[Kans ]],KWANTIFICEERTABELLEN!$B$32:$B$39,KWANTIFICEERTABELLEN!I$32:I$39)))) -> 0.4 | AH28: =IF(F$2<KWANTIFICEERTABELLEN!B$17,_xlfn.XLOOKUP(Tabel2[[#This Row],[Geld ]],KWANTIFICEERTABELLEN!$B$6:$B$13,KWANTIFICEERTABELLEN!J$6:J$13,), IF(AND(F$2>KWANTIFICEERTABELLEN!B$17,$F$2<KWANTIFICEERTABELLEN!B$30),_xlfn.XLOOKUP(Tabel2[[#This Row],[Geld ]],KWANTIFICEERTABELLEN!$B$19:$B$26,KWANTIFICEERTABELLEN!J$19:J$26), IF(F$2>KWANTIFICEERTABELLEN!B$30,_xlfn.XLOOKUP(Tabel2[[#This Row],[Geld ]],KWANTIFICEERTABELLEN!$B$32:$B$39,KWANTIFICEERTABELLEN!J$32:J$39)))) -> 100000 | AI28: =IFERROR(Tabel2[[#This Row],[Kans ]]*Tabel2[[#This Row],[Rekenwaarde kosten]],0) -> 40000 | AJ28: =IF(F$2<KWANTIFICEERTABELLEN!B$4,VLOOKUP(Tabel2[[#This Row],[Tijd ]],KWANTIFICEERTABELLEN!$B$6:$D$13,3,FALSE()), IF(AND(F$2>KWANTIFICEERTABELLEN!B$4,$F$2<KWANTIFICEERTABELLEN!B$30),VLOOKUP(Tabel2[[#This Row],[Tijd ]],KWANTIFICEERTABELLEN!$B$19:$D$26,3,FALSE()), IF(F$2>KWANTIFICEERTABELLEN!B$30,VLOOKUP(Tabel2[[#This Row],[Tijd ]],KWANTIFICEERTABELLEN!$B$32:$D$39,3,FALSE()),))) -> 4 - 6 weken
B29: 18 | D29: Aanpassinging in ontwerp waardoor vergunningen moeten worden aangepast | E29: 1. Voortschrijdend inzicht in de ontwerpeisen leidt tot aanpassingen na indiening van de vergunning; 2. Eisen vanuit OIV'er of bevoegd gezag worden pas laat in het proces duidelijk; 3. Wijzigingen in het tracé of de stationslocaties noodzaken herziening van de reeds ingediende vergunning. | F29: 1. Vergunning moet worden ingetrokken en opnieuw aangevraagd, waardoor de doorlooptijd aanzienlijk toeneemt; 2. Vertraging in de uitvoeringsstart door het opnieuw doorlopen van de vergunningsprocedure; 3. Extra engineeringskosten voor herziening van de vergunningsdocumenten. | G29: Alle tekeningen zijn definitief, OIV'ers zijn akkoord. Alleen nog reactie gemeente, maar is in ander risico geborgd | H29: Vervallen | I29: Isabel Gheza | J29: A.Hak | K29: Bouwteam | L29: 1 | M29: 5 | N29: 2 | O29: 0 | P29: 0 | Q29: 4 | R29: =IFERROR(Tabel2[[#This Row],[Kans]]*SUM(Tabel2[[#This Row],[Tijd]:[Omgeving]]),0) -> 11 | V29: 1. Akkoord OIV'er tijdig aanvragen 2. Aanpassingen tijdig doorgeven bij Gemeente Hollands Kroon | W29: 1. Liander 2. OM | Z29: 1 | AA29: 5 | AB29: 2 | AC29: 0 | AD29: 0 | AE29: 4 | AF29: =IFERROR(Tabel2[[#This Row],[Kans ]]*SUM(Tabel2[[#This Row],[Tijd ]:[Omgeving ]]),0) -> 11 | AG29: =VLOOKUP(Tabel2[[#This Row],[Kans ]],KWANTIFICEERTABELLEN!$B$19:$J$26,8,FALSE()) -> 0.05 | AH29: =IF(F$2<KWANTIFICEERTABELLEN!B$4,VLOOKUP(Tabel2[[#This Row],[Geld ]],KWANTIFICEERTABELLEN!$B$6:$J$13,9,FALSE()), IF(AND(F$2>KWANTIFICEERTABELLEN!B$4,$F$2<KWANTIFICEERTABELLEN!B$30),VLOOKUP(Tabel2[[#This Row],[Geld ]],KWANTIFICEERTABELLEN!$B$19:$J$26,9,FALSE()), IF(F$2>KWANTIFICEERTABELLEN!B$30,VLOOKUP(Tabel2[[#This Row],[Geld ]],KWANTIFICEERTABELLEN!$B$32:$J$39,9,FALSE()),))) -> 7500 | AI29: =IFERROR(Tabel2[[#This Row],[Kans ]]*Tabel2[[#This Row],[Rekenwaarde kosten]],0) -> 375 | AJ29: =IF(F$2<KWANTIFICEERTABELLEN!B$4,VLOOKUP(Tabel2[[#This Row],[Tijd ]],KWANTIFICEERTABELLEN!$B$6:$D$13,3,FALSE()), IF(AND(F$2>KWANTIFICEERTABELLEN!B$4,$F$2<KWANTIFICEERTABELLEN!B$30),VLOOKUP(Tabel2[[#This Row],[Tijd ]],KWANTIFICEERTABELLEN!$B$19:$D$26,3,FALSE()), IF(F$2>KWANTIFICEERTABELLEN!B$30,VLOOKUP(Tabel2[[#This Row],[Tijd ]],KWANTIFICEERTABELLEN!$B$32:$D$39,3,FALSE()),))) -> 4 - 6 weken
B30: 91 | C30: DP1 (Hoofdtracé) | D30: Er wordt bodemvervuiling aangetroffen (anders dan in de onderzoeken) | E30: 1. Onvolledig of beperkt bodemonderzoek (steekproefsgewijs, andere dieptes of zones dan het werkgebied); 2. Historische activiteiten of calamiteiten die niet bekend of gedocumenteerd zijn; 3. Afwijkingen in de uitvoering (dieper graven of grotere verstoring dan onderzocht). | F30: 1. Stillegging van werkzaamheden totdat aard en omvang van de vervuiling zijn vastgesteld; 2. Extra kosten en vertraging door aanvullend onderzoek, sanering of aangepaste uitvoering; 3. Gezondheids- en milieurisico's bij blootstelling van personeel of verspreiding van de verontreiniging. | H30: Voorstel | I30: Onno Cavalini | J30: Liander | K30: Uitvoering | R30: =IFERROR(Tabel2[[#This Row],[Kans]]*SUM(Tabel2[[#This Row],[Tijd]:[Omgeving]]),0) -> 0 | S30: =IF(F$2<KWANTIFICEERTABELLEN!B$17,_xlfn.XLOOKUP(Tabel2[[#This Row],[Kans]],KWANTIFICEERTABELLEN!$B$6:$B$13,KWANTIFICEERTABELLEN!I$6:I$13,), IF(AND(F$2>KWANTIFICEERTABELLEN!B$17,$F$2<KWANTIFICEERTABELLEN!B$30),_xlfn.XLOOKUP(Tabel2[[#This Row],[Kans]],KWANTIFICEERTABELLEN!$B$19:$B$26,KWANTIFICEERTABELLEN!I$19:I$26), IF(F$2>KWANTIFICEERTABELLEN!B$30,_xlfn.XLOOKUP(Tabel2[[#This Row],[Kans]],KWANTIFICEERTABELLEN!$B$32:$B$39,KWANTIFICEERTABELLEN!I$32:I$39)))) -> #N/A | V30: 1. Bodemonderzoek kritisch toetsen op representativiteit voor het volledige werkgebied en de werkdiepte; 2. Bodemrisico's expliciet opnemen in werkplannen en V&G-plan; 3. Instructie aan uitvoerend personeel over herkennen en melden van verdachte bodem. | Z30: 3 | AA30: 5 | AB30: 5 | AC30: 4 | AD30: 4 | AE30: 5 | AF30: =IFERROR(Tabel2[[#This Row],[Kans ]]*SUM(Tabel2[[#This Row],[Tijd ]:[Omgeving ]]),0) -> 69 | AG30: =IF(F$2<KWANTIFICEERTABELLEN!B$17,_xlfn.XLOOKUP(Tabel2[[#This Row],[Kans ]],KWANTIFICEERTABELLEN!$B$6:$B$13,KWANTIFICEERTABELLEN!I$6:I$13,), IF(AND(F$2>KWANTIFICEERTABELLEN!B$17,$F$2<KWANTIFICEERTABELLEN!B$30),_xlfn.XLOOKUP(Tabel2[[#This Row],[Kans ]],KWANTIFICEERTABELLEN!$B$19:$B$26,KWANTIFICEERTABELLEN!I$19:I$26), IF(F$2>KWANTIFICEERTABELLEN!B$30,_xlfn.XLOOKUP(Tabel2[[#This Row],[Kans ]],KWANTIFICEERTABELLEN!$B$32:$B$39,KWANTIFICEERTABELLEN!I$32:I$39)))) -> 0.2 | AH30: =IF(F$2<KWANTIFICEERTABELLEN!B$17,_xlfn.XLOOKUP(Tabel2[[#This Row],[Geld ]],KWANTIFICEERTABELLEN!$B$6:$B$13,KWANTIFICEERTABELLEN!J$6:J$13,), IF(AND(F$2>KWANTIFICEERTABELLEN!B$17,$F$2<KWANTIFICEERTABELLEN!B$30),_xlfn.XLOOKUP(Tabel2[[#This Row],[Geld ]],KWANTIFICEERTABELLEN!$B$19:$B$26,KWANTIFICEERTABELLEN!J$19:J$26), IF(F$2>KWANTIFICEERTABELLEN!B$30,_xlfn.XLOOKUP(Tabel2[[#This Row],[Geld ]],KWANTIFICEERTABELLEN!$B$32:$B$39,KWANTIFICEERTABELLEN!J$32:J$39)))) -> 67500 | AI30: =IFERROR(Tabel2[[#This Row],[Kans ]]*Tabel2[[#This Row],[Rekenwaarde kosten]],0) -> 13500 | AJ30: =IF(F$2<KWANTIFICEERTABELLEN!B$4,VLOOKUP(Tabel2[[#This Row],[Tijd ]],KWANTIFICEERTABELLEN!$B$6:$D$13,3,FALSE()), IF(AND(F$2>KWANTIFICEERTABELLEN!B$4,$F$2<KWANTIFICEERTABELLEN!B$30),VLOOKUP(Tabel2[[#This Row],[Tijd ]],KWANTIFICEERTABELLEN!$B$19:$D$26,3,FALSE()), IF(F$2>KWANTIFICEERTABELLEN!B$30,VLOOKUP(Tabel2[[#This Row],[Tijd ]],KWANTIFICEERTABELLEN!$B$32:$D$39,3,FALSE()),))) -> 4 - 6 weken
B31: 2 | C31: DP1 (Hoofdtracé) | D31: Levering van MSR (14 stuks nieuw en 2 stuks vervangen) vindt niet conform planning plaats. | E31: 1. Kwaliteit is door de leverancier niet geborgd); 2. Door stijging van de vraag naar MSR's is de leveringscapaciteit bij de leverancier onvoldoende; 3. Langere lead-times door schaarste aan componenten of productieproblemen bij de fabrikant. | F31: 1. Project kan niet conform planning worden afgerond doordat stations ontbreken; 2. IBN datum wordt niet gehaald, met risico op contractuele boetes; 3. Uitvoering kan niet starten of wordt stilgelegd, met extra kosten als gevolg. | H31: Vervallen | I31: Aldo de Bock | J31: Bouwteam | K31: Uitvoering | R31: =IFERROR(Tabel2[[#This Row],[Kans]]*SUM(Tabel2[[#This Row],[Tijd]:[Omgeving]]),0) -> 0 | V31: 1. Elke week met inkoop dit onderwerp bespreken 2. Bij start project (nadat technische details bekend zijn) MSR bestellen 3. Bij een andere leverancier MSR inkopen (AKA is de leverancier) | W31: 1. TM 2. TM 3. TM | X31: Gereed | Y31: Opmerking ABO 27-05-2026: De stations zijn allemaal gefabriceerd en staan klaar bij de leverancier. Ik denk dat dit risico kan komen te vervallen. | Z31: 6 | AA31: 6 | AB31: 4 | AC31: 0 | AD31: 0 | AE31: 0 | AF31: =IFERROR(Tabel2[[#This Row],[Kans ]]*SUM(Tabel2[[#This Row],[Tijd ]:[Omgeving ]]),0) -> 60 | AG31: =VLOOKUP(Tabel2[[#This Row],[Kans ]],KWANTIFICEERTABELLEN!$B$19:$J$26,8,FALSE()) -> 0.5 | AH31: =IF(F$2<KWANTIFICEERTABELLEN!B$4,VLOOKUP(Tabel2[[#This Row],[Geld ]],KWANTIFICEERTABELLEN!$B$6:$J$13,9,FALSE()), IF(AND(F$2>KWANTIFICEERTABELLEN!B$4,$F$2<KWANTIFICEERTABELLEN!B$30),VLOOKUP(Tabel2[[#This Row],[Geld ]],KWANTIFICEERTABELLEN!$B$19:$J$26,9,FALSE()), IF(F$2>KWANTIFICEERTABELLEN!B$30,VLOOKUP(Tabel2[[#This Row],[Geld ]],KWANTIFICEERTABELLEN!$B$32:$J$39,9,FALSE()),))) -> 37500 | AI31: =IFERROR(Tabel2[[#This Row],[Kans ]]*Tabel2[[#This Row],[Rekenwaarde kosten]],0) -> 18750 | AJ31: =IF(F$2<KWANTIFICEERTABELLEN!B$4,VLOOKUP(Tabel2[[#This Row],[Tijd ]],KWANTIFICEERTABELLEN!$B$6:$D$13,3,FALSE()), IF(AND(F$2>KWANTIFICEERTABELLEN!B$4,$F$2<KWANTIFICEERTABELLEN!B$30),VLOOKUP(Tabel2[[#This Row],[Tijd ]],KWANTIFICEERTABELLEN!$B$19:$D$26,3,FALSE()), IF(F$2>KWANTIFICEERTABELLEN!B$30,VLOOKUP(Tabel2[[#This Row],[Tijd ]],KWANTIFICEERTABELLEN!$B$32:$D$39,3,FALSE()),))) -> 6 - 8 weken
B32: 87 | C32: DP1 (Hoofdtracé) | D32: Overlast werkzaamheden voor omwonenden/perceeleigenaren tijdens de uitvoering (10 kV) | E32: 1. Onvoldoende of te late communicatie richting omwonenden over aard, planning en impact van de werkzaamheden; 2. Afwijkingen van eerder gecommuniceerde afspraken of planning, waardoor vertrouwen afneemt; 3. Ervaren hinder (geluid, bereikbaarheid, trillingen) groter dan verwacht door omwonenden. | F32: 1. Klachten en escalaties richting opdrachtgever, gemeente of bevoegd gezag; 2. Vertraging of tijdelijke stillegging van werkzaamheden door druk vanuit de omgeving; 3. Extra kosten door aanvullende maatregelen, omgevingsafstemming of herplanning. | G32: Risico projectoverstijgend en later opnemen in perceelrisicodossier | H32: Vigerend | I32: Isabel Gheza | J32: Liander | K32: Uitvoering | L32: 6 | M32: 2 | N32: 2 | O32: 2 | P32: 0 | Q32: 4 | R32: =IFERROR(Tabel2[[#This Row],[Kans]]*SUM(Tabel2[[#This Row],[Tijd]:[Omgeving]]),0) -> 60 | S32: =IF(F$2<KWANTIFICEERTABELLEN!B$17,_xlfn.XLOOKUP(Tabel2[[#This Row],[Kans]],KWANTIFICEERTABELLEN!$B$6:$B$13,KWANTIFICEERTABELLEN!I$6:I$13,), IF(AND(F$2>KWANTIFICEERTABELLEN!B$17,$F$2<KWANTIFICEERTABELLEN!B$30),_xlfn.XLOOKUP(Tabel2[[#This Row],[Kans]],KWANTIFICEERTABELLEN!$B$19:$B$26,KWANTIFICEERTABELLEN!I$19:I$26), IF(F$2>KWANTIFICEERTABELLEN!B$30,_xlfn.XLOOKUP(Tabel2[[#This Row],[Kans]],KWANTIFICEERTABELLEN!$B$32:$B$39,KWANTIFICEERTABELLEN!I$32:I$39)))) -> 0.5 | V32: 1. Zes weken voor start uitvoering omwonenden informeren 2. In de Bouwapp goed de updates bijhouden 3. OM'er bereikbaar zijn voor vragen | W32: 1. OM Uitvoering 2. OM Uitvoering | X32: 1. Moet nog vastgesteld worden hoe dit ingevuld wordt | Z32: 5 | AA32: 1 | AB32: 3 | AC32: 5 | AD32: 0 | AE32: 3 | AF32: =IFERROR(Tabel2[[#This Row],[Kans ]]*SUM(Tabel2[[#This Row],[Tijd ]:[Omgeving ]]),0) -> 60 | AG32: =IF(F$2<KWANTIFICEERTABELLEN!B$17,_xlfn.XLOOKUP(Tabel2[[#This Row],[Kans ]],KWANTIFICEERTABELLEN!$B$6:$B$13,KWANTIFICEERTABELLEN!I$6:I$13,), IF(AND(F$2>KWANTIFICEERTABELLEN!B$17,$F$2<KWANTIFICEERTABELLEN!B$30),_xlfn.XLOOKUP(Tabel2[[#This Row],[Kans ]],KWANTIFICEERTABELLEN!$B$19:$B$26,KWANTIFICEERTABELLEN!I$19:I$26), IF(F$2>KWANTIFICEERTABELLEN!B$30,_xlfn.XLOOKUP(Tabel2[[#This Row],[Kans ]],KWANTIFICEERTABELLEN!$B$32:$B$39,KWANTIFICEERTABELLEN!I$32:I$39)))) -> 0.4 | AH32: =IF(F$2<KWANTIFICEERTABELLEN!B$17,_xlfn.XLOOKUP(Tabel2[[#This Row],[Geld ]],KWANTIFICEERTABELLEN!$B$6:$B$13,KWANTIFICEERTABELLEN!J$6:J$13,), IF(AND(F$2>KWANTIFICEERTABELLEN!B$17,$F$2<KWANTIFICEERTABELLEN!B$30),_xlfn.XLOOKUP(Tabel2[[#This Row],[Geld ]],KWANTIFICEERTABELLEN!$B$19:$B$26,KWANTIFICEERTABELLEN!J$19:J$26), IF(F$2>KWANTIFICEERTABELLEN!B$30,_xlfn.XLOOKUP(Tabel2[[#This Row],[Geld ]],KWANTIFICEERTABELLEN!$B$32:$B$39,KWANTIFICEERTABELLEN!J$32:J$39)))) -> 17500 | AI32: =IFERROR(Tabel2[[#This Row],[Kans ]]*Tabel2[[#This Row],[Rekenwaarde kosten]],0) -> 7000 | AJ32: =IF(F$2<KWANTIFICEERTABELLEN!B$4,VLOOKUP(Tabel2[[#This Row],[Tijd ]],KWANTIFICEERTABELLEN!$B$6:$D$13,3,FALSE()), IF(AND(F$2>KWANTIFICEERTABELLEN!B$4,$F$2<KWANTIFICEERTABELLEN!B$30),VLOOKUP(Tabel2[[#This Row],[Tijd ]],KWANTIFICEERTABELLEN!$B$19:$D$26,3,FALSE()), IF(F$2>KWANTIFICEERTABELLEN!B$30,VLOOKUP(Tabel2[[#This Row],[Tijd ]],KWANTIFICEERTABELLEN!$B$32:$D$39,3,FALSE()),))) -> < 0.5 week
B33: 22 | D33: De vergunning voor het grond ontwateren wordt niet verleend om te kunnen starten met de uitvoering | H33: Vervallen | J33: Bouwteam | K33: Bouwteam | R33: =IFERROR(Tabel2[[#This Row],[Kans]]*SUM(Tabel2[[#This Row],[Tijd]:[Omgeving]]),0) -> 0 | V33: 1. Vergunning tijdig indienen | W33: 1. Isabel Gheza | X33: 1. Gereed | AF33: =IFERROR(Tabel2[[#This Row],[Kans ]]*SUM(Tabel2[[#This Row],[Tijd ]:[Omgeving ]]),0) -> 0 | AG33: =VLOOKUP(Tabel2[[#This Row],[Kans ]],KWANTIFICEERTABELLEN!$B$19:$J$26,8,FALSE()) -> 0 | AH33: =IF(F$2<KWANTIFICEERTABELLEN!B$4,VLOOKUP(Tabel2[[#This Row],[Geld ]],KWANTIFICEERTABELLEN!$B$6:$J$13,9,FALSE()), IF(AND(F$2>KWANTIFICEERTABELLEN!B$4,$F$2<KWANTIFICEERTABELLEN!B$30),VLOOKUP(Tabel2[[#This Row],[Geld ]],KWANTIFICEERTABELLEN!$B$19:$J$26,9,FALSE()), IF(F$2>KWANTIFICEERTABELLEN!B$30,VLOOKUP(Tabel2[[#This Row],[Geld ]],KWANTIFICEERTABELLEN!$B$32:$J$39,9,FALSE()),))) -> 0 | AI33: =IFERROR(Tabel2[[#This Row],[Kans ]]*Tabel2[[#This Row],[Rekenwaarde kosten]],0) -> 0 | AJ33: =IF(F$2<KWANTIFICEERTABELLEN!B$4,VLOOKUP(Tabel2[[#This Row],[Tijd ]],KWANTIFICEERTABELLEN!$B$6:$D$13,3,FALSE()), IF(AND(F$2>KWANTIFICEERTABELLEN!B$4,$F$2<KWANTIFICEERTABELLEN!B$30),VLOOKUP(Tabel2[[#This Row],[Tijd ]],KWANTIFICEERTABELLEN!$B$19:$D$26,3,FALSE()), IF(F$2>KWANTIFICEERTABELLEN!B$30,VLOOKUP(Tabel2[[#This Row],[Tijd ]],KWANTIFICEERTABELLEN!$B$32:$D$39,3,FALSE()),))) -> Geen impact
B34: 23 | D34: De vergunning voor het leggen, verleggen, vervangen of repareren van de kabel ten behoeve aan bodemverontreiniging wordt niet verleend voor het kunnen starten met de uitvoering | H34: Vervallen | J34: Bouwteam | K34: Bouwteam | R34: =IFERROR(Tabel2[[#This Row],[Kans]]*SUM(Tabel2[[#This Row],[Tijd]:[Omgeving]]),0) -> 0 | V34: 1. Controleren of melding 4 weken van te voren door movares bodem wordt gemaakt | W34: 1. Isabel | AF34: =IFERROR(Tabel2[[#This Row],[Kans ]]*SUM(Tabel2[[#This Row],[Tijd ]:[Omgeving ]]),0) -> 0 | AG34: =VLOOKUP(Tabel2[[#This Row],[Kans ]],KWANTIFICEERTABELLEN!$B$19:$J$26,8,FALSE()) -> 0 | AH34: =IF(F$2<KWANTIFICEERTABELLEN!B$4,VLOOKUP(Tabel2[[#This Row],[Geld ]],KWANTIFICEERTABELLEN!$B$6:$J$13,9,FALSE()), IF(AND(F$2>KWANTIFICEERTABELLEN!B$4,$F$2<KWANTIFICEERTABELLEN!B$30),VLOOKUP(Tabel2[[#This Row],[Geld ]],KWANTIFICEERTABELLEN!$B$19:$J$26,9,FALSE()), IF(F$2>KWANTIFICEERTABELLEN!B$30,VLOOKUP(Tabel2[[#This Row],[Geld ]],KWANTIFICEERTABELLEN!$B$32:$J$39,9,FALSE()),))) -> 0 | AI34: =IFERROR(Tabel2[[#This Row],[Kans ]]*Tabel2[[#This Row],[Rekenwaarde kosten]],0) -> 0 | AJ34: =IF(F$2<KWANTIFICEERTABELLEN!B$4,VLOOKUP(Tabel2[[#This Row],[Tijd ]],KWANTIFICEERTABELLEN!$B$6:$D$13,3,FALSE()), IF(AND(F$2>KWANTIFICEERTABELLEN!B$4,$F$2<KWANTIFICEERTABELLEN!B$30),VLOOKUP(Tabel2[[#This Row],[Tijd ]],KWANTIFICEERTABELLEN!$B$19:$D$26,3,FALSE()), IF(F$2>KWANTIFICEERTABELLEN!B$30,VLOOKUP(Tabel2[[#This Row],[Tijd ]],KWANTIFICEERTABELLEN!$B$32:$D$39,3,FALSE()),))) -> Geen impact
B35: 24 | D35: De vergunning voor het aanleggen/veranderen van de uitrit is niet verkregen om te kunnen starten met de uitvoering bij de slootweg | E35: 1. Vergunningsaanvraag niet tijdig ingediend of gemeente stelt aanvullende eisen aan de uitrit; 2. Perceeleigenaar werkt niet mee aan het aanvraagproces; 3. Technische beoordeling door gemeente leidt tot aanpassingsvereisten. | F35: 1. Uitvoering bij de slootweg kan niet starten door het ontbreken van de benodigde vergunning; 2. Vertraging in de uitvoering van de aangrenzende tracédelen; 3. Extra kosten door herplanning of aanpassing van de aanvoerroute. | H35: Vervallen | I35: Isabel Gheza | J35: Bouwteam | K35: Bouwteam | R35: =IFERROR(Tabel2[[#This Row],[Kans]]*SUM(Tabel2[[#This Row],[Tijd]:[Omgeving]]),0) -> 0 | V35: 1. Rechtstreeks benaderen voor vergunning parallel aan de gesprekken met de rentmeesters indien niet voor 17-10-2025 wordt getekend. Vergunning kan verleend worden eind januari | W35: 1 Isabel Gheza | X35: 1. Gereed | Z35: 2 | AA35: 4 | AB35: 2 | AC35: 1 | AD35: 0 | AE35: 1 | AF35: =IFERROR(Tabel2[[#This Row],[Kans ]]*SUM(Tabel2[[#This Row],[Tijd ]:[Omgeving ]]),0) -> 16 | AG35: =VLOOKUP(Tabel2[[#This Row],[Kans ]],KWANTIFICEERTABELLEN!$B$19:$J$26,8,FALSE()) -> 0.1 | AH35: =IF(F$2<KWANTIFICEERTABELLEN!B$4,VLOOKUP(Tabel2[[#This Row],[Geld ]],KWANTIFICEERTABELLEN!$B$6:$J$13,9,FALSE()), IF(AND(F$2>KWANTIFICEERTABELLEN!B$4,$F$2<KWANTIFICEERTABELLEN!B$30),VLOOKUP(Tabel2[[#This Row],[Geld ]],KWANTIFICEERTABELLEN!$B$19:$J$26,9,FALSE()), IF(F$2>KWANTIFICEERTABELLEN!B$30,VLOOKUP(Tabel2[[#This Row],[Geld ]],KWANTIFICEERTABELLEN!$B$32:$J$39,9,FALSE()),))) -> 7500 | AI35: =IFERROR(Tabel2[[#This Row],[Kans ]]*Tabel2[[#This Row],[Rekenwaarde kosten]],0) -> 750 | AJ35: =IF(F$2<KWANTIFICEERTABELLEN!B$4,VLOOKUP(Tabel2[[#This Row],[Tijd ]],KWANTIFICEERTABELLEN!$B$6:$D$13,3,FALSE()), IF(AND(F$2>KWANTIFICEERTABELLEN!B$4,$F$2<KWANTIFICEERTABELLEN!B$30),VLOOKUP(Tabel2[[#This Row],[Tijd ]],KWANTIFICEERTABELLEN!$B$19:$D$26,3,FALSE()), IF(F$2>KWANTIFICEERTABELLEN!B$30,VLOOKUP(Tabel2[[#This Row],[Tijd ]],KWANTIFICEERTABELLEN!$B$32:$D$39,3,FALSE()),))) -> 2 - 4 weken
B36: 25 | D36: De vergunning omtrent activiteit aan de dam of duiker is niet op tijd verkregen om met de uitvoering te kunnen starten | H36: vervallen | J36: Bouwteam | K36: Bouwteam | R36: =IFERROR(Tabel2[[#This Row],[Kans]]*SUM(Tabel2[[#This Row],[Tijd]:[Omgeving]]),0) -> 0 | AF36: =IFERROR(Tabel2[[#This Row],[Kans ]]*SUM(Tabel2[[#This Row],[Tijd ]:[Omgeving ]]),0) -> 0 | AG36: =VLOOKUP(Tabel2[[#This Row],[Kans ]],KWANTIFICEERTABELLEN!$B$19:$J$26,8,FALSE()) -> 0 | AH36: =IF(F$2<KWANTIFICEERTABELLEN!B$4,VLOOKUP(Tabel2[[#This Row],[Geld ]],KWANTIFICEERTABELLEN!$B$6:$J$13,9,FALSE()), IF(AND(F$2>KWANTIFICEERTABELLEN!B$4,$F$2<KWANTIFICEERTABELLEN!B$30),VLOOKUP(Tabel2[[#This Row],[Geld ]],KWANTIFICEERTABELLEN!$B$19:$J$26,9,FALSE()), IF(F$2>KWANTIFICEERTABELLEN!B$30,VLOOKUP(Tabel2[[#This Row],[Geld ]],KWANTIFICEERTABELLEN!$B$32:$J$39,9,FALSE()),))) -> 0 | AI36: =IFERROR(Tabel2[[#This Row],[Kans ]]*Tabel2[[#This Row],[Rekenwaarde kosten]],0) -> 0 | AJ36: =IF(F$2<KWANTIFICEERTABELLEN!B$4,VLOOKUP(Tabel2[[#This Row],[Tijd ]],KWANTIFICEERTABELLEN!$B$6:$D$13,3,FALSE()), IF(AND(F$2>KWANTIFICEERTABELLEN!B$4,$F$2<KWANTIFICEERTABELLEN!B$30),VLOOKUP(Tabel2[[#This Row],[Tijd ]],KWANTIFICEERTABELLEN!$B$19:$D$26,3,FALSE()), IF(F$2>KWANTIFICEERTABELLEN!B$30,VLOOKUP(Tabel2[[#This Row],[Tijd ]],KWANTIFICEERTABELLEN!$B$32:$D$39,3,FALSE()),))) -> Geen impact
B37: 26 | D37: De vergunning rondom activiteit van Flora en Fauna is niet op tijd verkregen om te kunnen starten met de uitvoering | H37: Vervallen | J37: Bouwteam | K37: Bouwteam | R37: =IFERROR(Tabel2[[#This Row],[Kans]]*SUM(Tabel2[[#This Row],[Tijd]:[Omgeving]]),0) -> 0 | AF37: =IFERROR(Tabel2[[#This Row],[Kans ]]*SUM(Tabel2[[#This Row],[Tijd ]:[Omgeving ]]),0) -> 0 | AG37: =VLOOKUP(Tabel2[[#This Row],[Kans ]],KWANTIFICEERTABELLEN!$B$19:$J$26,8,FALSE()) -> 0 | AH37: =IF(F$2<KWANTIFICEERTABELLEN!B$4,VLOOKUP(Tabel2[[#This Row],[Geld ]],KWANTIFICEERTABELLEN!$B$6:$J$13,9,FALSE()), IF(AND(F$2>KWANTIFICEERTABELLEN!B$4,$F$2<KWANTIFICEERTABELLEN!B$30),VLOOKUP(Tabel2[[#This Row],[Geld ]],KWANTIFICEERTABELLEN!$B$19:$J$26,9,FALSE()), IF(F$2>KWANTIFICEERTABELLEN!B$30,VLOOKUP(Tabel2[[#This Row],[Geld ]],KWANTIFICEERTABELLEN!$B$32:$J$39,9,FALSE()),))) -> 0 | AI37: =IFERROR(Tabel2[[#This Row],[Kans ]]*Tabel2[[#This Row],[Rekenwaarde kosten]],0) -> 0 | AJ37: =IF(F$2<KWANTIFICEERTABELLEN!B$4,VLOOKUP(Tabel2[[#This Row],[Tijd ]],KWANTIFICEERTABELLEN!$B$6:$D$13,3,FALSE()), IF(AND(F$2>KWANTIFICEERTABELLEN!B$4,$F$2<KWANTIFICEERTABELLEN!B$30),VLOOKUP(Tabel2[[#This Row],[Tijd ]],KWANTIFICEERTABELLEN!$B$19:$D$26,3,FALSE()), IF(F$2>KWANTIFICEERTABELLEN!B$30,VLOOKUP(Tabel2[[#This Row],[Tijd ]],KWANTIFICEERTABELLEN!$B$32:$D$39,3,FALSE()),))) -> Geen impact
B38: 27 | D38: De omgevingsvergunning rondom de provinciale weg is niet verkregen om te kunnen starten met de uitvoering | E38: 1. Provincie Noord-Holland stelt aanvullende eisen aan het intredepunt of de uitvoeringsmethode; 2. Het tracé of intredepunt sluit niet aan bij de eisen van de provincie; 3. Vergunningsaanvraag onvolledig of niet tijdig ingediend. | F38: 1. Werkzaamheden nabij de provinciale weg kunnen niet worden uitgevoerd; 2. Herontwerp van het intredepunt of het tracé is noodzakelijk, met extra engineeringskosten; 3. Vertraging in de uitvoering doordat de vergunningsprocedure opnieuw moet worden doorlopen. | H38: Vervallen | I38: Isabel Gheza | J38: Bouwteam | K38: Bouwteam | R38: =IFERROR(Tabel2[[#This Row],[Kans]]*SUM(Tabel2[[#This Row],[Tijd]:[Omgeving]]),0) -> 0 | V38: 1. Onderbouwde toelichting waarom intredepunt op de geschetste locatie moet. 2. Alternatieven uitwerken 3. Gekozen alternatief neerleggen bij Provincie Noord-Holland | W38: 1. Isabel Gheza 2. Reimer Lap 3. Isabel Gheza | X38: 1. Gereed 2. 21-11-2025 3. Open | Z38: 2 | AA38: 5 | AB38: 3 | AC38: 3 | AD38: 0 | AE38: 0 | AF38: =IFERROR(Tabel2[[#This Row],[Kans ]]*SUM(Tabel2[[#This Row],[Tijd ]:[Omgeving ]]),0) -> 22 | AG38: =VLOOKUP(Tabel2[[#This Row],[Kans ]],KWANTIFICEERTABELLEN!$B$19:$J$26,8,FALSE()) -> 0.1 | AH38: =IF(F$2<KWANTIFICEERTABELLEN!B$4,VLOOKUP(Tabel2[[#This Row],[Geld ]],KWANTIFICEERTABELLEN!$B$6:$J$13,9,FALSE()), IF(AND(F$2>KWANTIFICEERTABELLEN!B$4,$F$2<KWANTIFICEERTABELLEN!B$30),VLOOKUP(Tabel2[[#This Row],[Geld ]],KWANTIFICEERTABELLEN!$B$19:$J$26,9,FALSE()), IF(F$2>KWANTIFICEERTABELLEN!B$30,VLOOKUP(Tabel2[[#This Row],[Geld ]],KWANTIFICEERTABELLEN!$B$32:$J$39,9,FALSE()),))) -> 17500 | AI38: =IFERROR(Tabel2[[#This Row],[Kans ]]*Tabel2[[#This Row],[Rekenwaarde kosten]],0) -> 1750 | AJ38: =IF(F$2<KWANTIFICEERTABELLEN!B$4,VLOOKUP(Tabel2[[#This Row],[Tijd ]],KWANTIFICEERTABELLEN!$B$6:$D$13,3,FALSE()), IF(AND(F$2>KWANTIFICEERTABELLEN!B$4,$F$2<KWANTIFICEERTABELLEN!B$30),VLOOKUP(Tabel2[[#This Row],[Tijd ]],KWANTIFICEERTABELLEN!$B$19:$D$26,3,FALSE()), IF(F$2>KWANTIFICEERTABELLEN!B$30,VLOOKUP(Tabel2[[#This Row],[Tijd ]],KWANTIFICEERTABELLEN!$B$32:$D$39,3,FALSE()),))) -> 4 - 6 weken
B39: 28 | D39: De grondaankoop voor MSR-12 is niet tijdig verkregen waardoor het station niet kan worden geplaatst | H39: Vervallen | J39: Liander | K39: Uitvoering | R39: =IFERROR(Tabel2[[#This Row],[Kans]]*SUM(Tabel2[[#This Row],[Tijd]:[Omgeving]]),0) -> 0 | V39: 1. Gesprekken lopen bij grond en recht, voorlopig status monitoren of weerstand wordt ervaren gedurende de gesprekken | W39: 1. Jarno Sman | X39: 1. 10-12-2025 | AF39: =IFERROR(Tabel2[[#This Row],[Kans ]]*SUM(Tabel2[[#This Row],[Tijd ]:[Omgeving ]]),0) -> 0 | AG39: =VLOOKUP(Tabel2[[#This Row],[Kans ]],KWANTIFICEERTABELLEN!$B$19:$J$26,8,FALSE()) -> 0 | AH39: =IF(F$2<KWANTIFICEERTABELLEN!B$4,VLOOKUP(Tabel2[[#This Row],[Geld ]],KWANTIFICEERTABELLEN!$B$6:$J$13,9,FALSE()), IF(AND(F$2>KWANTIFICEERTABELLEN!B$4,$F$2<KWANTIFICEERTABELLEN!B$30),VLOOKUP(Tabel2[[#This Row],[Geld ]],KWANTIFICEERTABELLEN!$B$19:$J$26,9,FALSE()), IF(F$2>KWANTIFICEERTABELLEN!B$30,VLOOKUP(Tabel2[[#This Row],[Geld ]],KWANTIFICEERTABELLEN!$B$32:$J$39,9,FALSE()),))) -> 0 | AI39: =IFERROR(Tabel2[[#This Row],[Kans ]]*Tabel2[[#This Row],[Rekenwaarde kosten]],0) -> 0 | AJ39: =IF(F$2<KWANTIFICEERTABELLEN!B$4,VLOOKUP(Tabel2[[#This Row],[Tijd ]],KWANTIFICEERTABELLEN!$B$6:$D$13,3,FALSE()), IF(AND(F$2>KWANTIFICEERTABELLEN!B$4,$F$2<KWANTIFICEERTABELLEN!B$30),VLOOKUP(Tabel2[[#This Row],[Tijd ]],KWANTIFICEERTABELLEN!$B$19:$D$26,3,FALSE()), IF(F$2>KWANTIFICEERTABELLEN!B$30,VLOOKUP(Tabel2[[#This Row],[Tijd ]],KWANTIFICEERTABELLEN!$B$32:$D$39,3,FALSE()),))) -> Geen impact
B40: 29 | D40: De grondaankoop voor MSR-3 is niet tijdig verkregen waardoor het station niet kan worden geplaatst | E40: 1. ZRO proces niet goed doorlopen | F40: 1. Niet kunnen plaatsen MSR 2. Net niet overnemen 3. IBN datum verschuift | H40: Vervallen | I40: Isabel Gheza | J40: Liander | K40: Uitvoering | L40: 5 | M40: 7 | N40: 2 | O40: 7 | P40: 0 | Q40: 4 | R40: =IFERROR(Tabel2[[#This Row],[Kans]]*SUM(Tabel2[[#This Row],[Tijd]:[Omgeving]]),0) -> 100 | S40: =IF(F$2<KWANTIFICEERTABELLEN!B$17,_xlfn.XLOOKUP(Tabel2[[#This Row],[Kans]],KWANTIFICEERTABELLEN!$B$6:$B$13,KWANTIFICEERTABELLEN!I$6:I$13,), IF(AND(F$2>KWANTIFICEERTABELLEN!B$17,$F$2<KWANTIFICEERTABELLEN!B$30),_xlfn.XLOOKUP(Tabel2[[#This Row],[Kans]],KWANTIFICEERTABELLEN!$B$19:$B$26,KWANTIFICEERTABELLEN!I$19:I$26), IF(F$2>KWANTIFICEERTABELLEN!B$30,_xlfn.XLOOKUP(Tabel2[[#This Row],[Kans]],KWANTIFICEERTABELLEN!$B$32:$B$39,KWANTIFICEERTABELLEN!I$32:I$39)))) -> 0.4 | V40: 1. Jurist inschakelen, koerst uitzetten naar gedogen. Er komt nog een finale aanbieding. Alternatieven zijn overwogen, eerste indruk was dat eigenaar ging tekenen maar ziet af van afspraak. Juridische stappen worden in gang gezet 2. Tijdig in gesprek gaan met de eigenaar 3. Alternatieve locatie hebben | W40: 1. Jarno Sman | X40: 1. Gereed | Y40: Alle ZRO's zijn getekend. | Z40: 2 | AA40: 7 | AB40: 2 | AC40: 7 | AD40: 0 | AE40: 4 | AF40: =IFERROR(Tabel2[[#This Row],[Kans ]]*SUM(Tabel2[[#This Row],[Tijd ]:[Omgeving ]]),0) -> 40 | AG40: =IF(F$2<KWANTIFICEERTABELLEN!B$17,_xlfn.XLOOKUP(Tabel2[[#This Row],[Kans ]],KWANTIFICEERTABELLEN!$B$6:$B$13,KWANTIFICEERTABELLEN!I$6:I$13,), IF(AND(F$2>KWANTIFICEERTABELLEN!B$17,$F$2<KWANTIFICEERTABELLEN!B$30),_xlfn.XLOOKUP(Tabel2[[#This Row],[Kans ]],KWANTIFICEERTABELLEN!$B$19:$B$26,KWANTIFICEERTABELLEN!I$19:I$26), IF(F$2>KWANTIFICEERTABELLEN!B$30,_xlfn.XLOOKUP(Tabel2[[#This Row],[Kans ]],KWANTIFICEERTABELLEN!$B$32:$B$39,KWANTIFICEERTABELLEN!I$32:I$39)))) -> 0.1 | AH40: =IF(F$2<KWANTIFICEERTABELLEN!B$17,_xlfn.XLOOKUP(Tabel2[[#This Row],[Geld ]],KWANTIFICEERTABELLEN!$B$6:$B$13,KWANTIFICEERTABELLEN!J$6:J$13,), IF(AND(F$2>KWANTIFICEERTABELLEN!B$17,$F$2<KWANTIFICEERTABELLEN!B$30),_xlfn.XLOOKUP(Tabel2[[#This Row],[Geld ]],KWANTIFICEERTABELLEN!$B$19:$B$26,KWANTIFICEERTABELLEN!J$19:J$26), IF(F$2>KWANTIFICEERTABELLEN!B$30,_xlfn.XLOOKUP(Tabel2[[#This Row],[Geld ]],KWANTIFICEERTABELLEN!$B$32:$B$39,KWANTIFICEERTABELLEN!J$32:J$39)))) -> 7500 | AI40: =IFERROR(Tabel2[[#This Row],[Kans ]]*Tabel2[[#This Row],[Rekenwaarde kosten]],0) -> 750 | AJ40: =IF(F$2<KWANTIFICEERTABELLEN!B$4,VLOOKUP(Tabel2[[#This Row],[Tijd ]],KWANTIFICEERTABELLEN!$B$6:$D$13,3,FALSE()), IF(AND(F$2>KWANTIFICEERTABELLEN!B$4,$F$2<KWANTIFICEERTABELLEN!B$30),VLOOKUP(Tabel2[[#This Row],[Tijd ]],KWANTIFICEERTABELLEN!$B$19:$D$26,3,FALSE()), IF(F$2>KWANTIFICEERTABELLEN!B$30,VLOOKUP(Tabel2[[#This Row],[Tijd ]],KWANTIFICEERTABELLEN!$B$32:$D$39,3,FALSE()),))) -> > 2 maanden
B41: 30 | D41: De grondaankoop voor MSR-8 is niet tijdig verkregen waardoor het station niet kan worden geplaatst | E41: 1. Perceeleigenaar gaat niet akkoord met de geboden voorwaarden of de locatie van het station; 2. ZRO-proces niet tijdig of niet volledig doorlopen; 3. Beperkte capaciteit bij afdeling Grond & Recht voor tijdige behandeling van het dossier. | F41: 1. MSR-8 kan niet worden geplaatst op de beoogde locatie, waardoor het net niet kan worden overgenomen; 2. Afhankelijke uitvoeringswerkzaamheden moeten worden uitgesteld; 3. IBN datum verschuift met extra kosten als gevolg. | H41: Vervallen | I41: Isabel Gheza | J41: Liander | K41: Bouwteam | R41: =IFERROR(Tabel2[[#This Row],[Kans]]*SUM(Tabel2[[#This Row],[Tijd]:[Omgeving]]),0) -> 0 | V41: 1. Gesprekken lopen bij grond en recht, voorlopig status monitoren of weerstand wordt ervaren gedurende de gesprekken | W41: 1. Jarno Sman | X41: 1. 10-12-2025 | Z41: 2 | AA41: 6 | AB41: 3 | AC41: 1 | AD41: 0 | AE41: 4 | AF41: =IFERROR(Tabel2[[#This Row],[Kans ]]*SUM(Tabel2[[#This Row],[Tijd ]:[Omgeving ]]),0) -> 28 | AG41: =VLOOKUP(Tabel2[[#This Row],[Kans ]],KWANTIFICEERTABELLEN!$B$19:$J$26,8,FALSE()) -> 0.1 | AH41: =IF(F$2<KWANTIFICEERTABELLEN!B$4,VLOOKUP(Tabel2[[#This Row],[Geld ]],KWANTIFICEERTABELLEN!$B$6:$J$13,9,FALSE()), IF(AND(F$2>KWANTIFICEERTABELLEN!B$4,$F$2<KWANTIFICEERTABELLEN!B$30),VLOOKUP(Tabel2[[#This Row],[Geld ]],KWANTIFICEERTABELLEN!$B$19:$J$26,9,FALSE()), IF(F$2>KWANTIFICEERTABELLEN!B$30,VLOOKUP(Tabel2[[#This Row],[Geld ]],KWANTIFICEERTABELLEN!$B$32:$J$39,9,FALSE()),))) -> 17500 | AI41: =IFERROR(Tabel2[[#This Row],[Kans ]]*Tabel2[[#This Row],[Rekenwaarde kosten]],0) -> 1750 | AJ41: =IF(F$2<KWANTIFICEERTABELLEN!B$4,VLOOKUP(Tabel2[[#This Row],[Tijd ]],KWANTIFICEERTABELLEN!$B$6:$D$13,3,FALSE()), IF(AND(F$2>KWANTIFICEERTABELLEN!B$4,$F$2<KWANTIFICEERTABELLEN!B$30),VLOOKUP(Tabel2[[#This Row],[Tijd ]],KWANTIFICEERTABELLEN!$B$19:$D$26,3,FALSE()), IF(F$2>KWANTIFICEERTABELLEN!B$30,VLOOKUP(Tabel2[[#This Row],[Tijd ]],KWANTIFICEERTABELLEN!$B$32:$D$39,3,FALSE()),))) -> 6 - 8 weken
B42: 31 | D42: De grondaankoop voor MSR-6 is niet tijdig verkregen waardoor het station niet kan worden geplaatst | H42: Vervallen | J42: Liander | K42: Uitvoering | R42: =IFERROR(Tabel2[[#This Row],[Kans]]*SUM(Tabel2[[#This Row],[Tijd]:[Omgeving]]),0) -> 0 | V42: 1. Conctact met back-office medewerker om continu te bevragen om de stukken te publiceren | W42: 1. Isabel Gheza | X42: 1. 10-12-2025 | AF42: =IFERROR(Tabel2[[#This Row],[Kans ]]*SUM(Tabel2[[#This Row],[Tijd ]:[Omgeving ]]),0) -> 0 | AG42: =VLOOKUP(Tabel2[[#This Row],[Kans ]],KWANTIFICEERTABELLEN!$B$19:$J$26,8,FALSE()) -> 0 | AH42: =IF(F$2<KWANTIFICEERTABELLEN!B$4,VLOOKUP(Tabel2[[#This Row],[Geld ]],KWANTIFICEERTABELLEN!$B$6:$J$13,9,FALSE()), IF(AND(F$2>KWANTIFICEERTABELLEN!B$4,$F$2<KWANTIFICEERTABELLEN!B$30),VLOOKUP(Tabel2[[#This Row],[Geld ]],KWANTIFICEERTABELLEN!$B$19:$J$26,9,FALSE()), IF(F$2>KWANTIFICEERTABELLEN!B$30,VLOOKUP(Tabel2[[#This Row],[Geld ]],KWANTIFICEERTABELLEN!$B$32:$J$39,9,FALSE()),))) -> 0 | AI42: =IFERROR(Tabel2[[#This Row],[Kans ]]*Tabel2[[#This Row],[Rekenwaarde kosten]],0) -> 0 | AJ42: =IF(F$2<KWANTIFICEERTABELLEN!B$4,VLOOKUP(Tabel2[[#This Row],[Tijd ]],KWANTIFICEERTABELLEN!$B$6:$D$13,3,FALSE()), IF(AND(F$2>KWANTIFICEERTABELLEN!B$4,$F$2<KWANTIFICEERTABELLEN!B$30),VLOOKUP(Tabel2[[#This Row],[Tijd ]],KWANTIFICEERTABELLEN!$B$19:$D$26,3,FALSE()), IF(F$2>KWANTIFICEERTABELLEN!B$30,VLOOKUP(Tabel2[[#This Row],[Tijd ]],KWANTIFICEERTABELLEN!$B$32:$D$39,3,FALSE()),))) -> Geen impact
B43: 32 | D43: De grondaankoop voor MSR-9 is niet tijdig verkregen waardoor het station niet kan worden geplaatst | H43: Vervallen | J43: Liander | K43: Uitvoering | R43: =IFERROR(Tabel2[[#This Row],[Kans]]*SUM(Tabel2[[#This Row],[Tijd]:[Omgeving]]),0) -> 0 | V43: 1. Alternatief uitwerken indien perceeleigenaar niet tekent | W43: 1. Reimer Lap | X43: 1.Gereed | AF43: =IFERROR(Tabel2[[#This Row],[Kans ]]*SUM(Tabel2[[#This Row],[Tijd ]:[Omgeving ]]),0) -> 0 | AG43: =VLOOKUP(Tabel2[[#This Row],[Kans ]],KWANTIFICEERTABELLEN!$B$19:$J$26,8,FALSE()) -> 0 | AH43: =IF(F$2<KWANTIFICEERTABELLEN!B$4,VLOOKUP(Tabel2[[#This Row],[Geld ]],KWANTIFICEERTABELLEN!$B$6:$J$13,9,FALSE()), IF(AND(F$2>KWANTIFICEERTABELLEN!B$4,$F$2<KWANTIFICEERTABELLEN!B$30),VLOOKUP(Tabel2[[#This Row],[Geld ]],KWANTIFICEERTABELLEN!$B$19:$J$26,9,FALSE()), IF(F$2>KWANTIFICEERTABELLEN!B$30,VLOOKUP(Tabel2[[#This Row],[Geld ]],KWANTIFICEERTABELLEN!$B$32:$J$39,9,FALSE()),))) -> 0 | AI43: =IFERROR(Tabel2[[#This Row],[Kans ]]*Tabel2[[#This Row],[Rekenwaarde kosten]],0) -> 0 | AJ43: =IF(F$2<KWANTIFICEERTABELLEN!B$4,VLOOKUP(Tabel2[[#This Row],[Tijd ]],KWANTIFICEERTABELLEN!$B$6:$D$13,3,FALSE()), IF(AND(F$2>KWANTIFICEERTABELLEN!B$4,$F$2<KWANTIFICEERTABELLEN!B$30),VLOOKUP(Tabel2[[#This Row],[Tijd ]],KWANTIFICEERTABELLEN!$B$19:$D$26,3,FALSE()), IF(F$2>KWANTIFICEERTABELLEN!B$30,VLOOKUP(Tabel2[[#This Row],[Tijd ]],KWANTIFICEERTABELLEN!$B$32:$D$39,3,FALSE()),))) -> Geen impact
B44: 33 | D44: De grondaankoop voor MSR-1 is niet tijdig verkregen waardoor het station niet kan worden geplaatst | H44: Vervallen | J44: Liander | K44: Uitvoering | R44: =IFERROR(Tabel2[[#This Row],[Kans]]*SUM(Tabel2[[#This Row],[Tijd]:[Omgeving]]),0) -> 0 | V44: 1. Alternatief ontwerp uitwerken. | W44: 1. Reimer Lap | X44: 1.20-11-2025 | AF44: =IFERROR(Tabel2[[#This Row],[Kans ]]*SUM(Tabel2[[#This Row],[Tijd ]:[Omgeving ]]),0) -> 0 | AG44: =VLOOKUP(Tabel2[[#This Row],[Kans ]],KWANTIFICEERTABELLEN!$B$19:$J$26,8,FALSE()) -> 0 | AH44: =IF(F$2<KWANTIFICEERTABELLEN!B$4,VLOOKUP(Tabel2[[#This Row],[Geld ]],KWANTIFICEERTABELLEN!$B$6:$J$13,9,FALSE()), IF(AND(F$2>KWANTIFICEERTABELLEN!B$4,$F$2<KWANTIFICEERTABELLEN!B$30),VLOOKUP(Tabel2[[#This Row],[Geld ]],KWANTIFICEERTABELLEN!$B$19:$J$26,9,FALSE()), IF(F$2>KWANTIFICEERTABELLEN!B$30,VLOOKUP(Tabel2[[#This Row],[Geld ]],KWANTIFICEERTABELLEN!$B$32:$J$39,9,FALSE()),))) -> 0 | AI44: =IFERROR(Tabel2[[#This Row],[Kans ]]*Tabel2[[#This Row],[Rekenwaarde kosten]],0) -> 0 | AJ44: =IF(F$2<KWANTIFICEERTABELLEN!B$4,VLOOKUP(Tabel2[[#This Row],[Tijd ]],KWANTIFICEERTABELLEN!$B$6:$D$13,3,FALSE()), IF(AND(F$2>KWANTIFICEERTABELLEN!B$4,$F$2<KWANTIFICEERTABELLEN!B$30),VLOOKUP(Tabel2[[#This Row],[Tijd ]],KWANTIFICEERTABELLEN!$B$19:$D$26,3,FALSE()), IF(F$2>KWANTIFICEERTABELLEN!B$30,VLOOKUP(Tabel2[[#This Row],[Tijd ]],KWANTIFICEERTABELLEN!$B$32:$D$39,3,FALSE()),))) -> Geen impact
B45: 34 | D45: De grondaankoop voor MSR-10 is niet tijdig verkregen waardoor het station niet kan worden geplaatst | H45: Vervallen | J45: Liander | K45: Uitvoering | R45: =IFERROR(Tabel2[[#This Row],[Kans]]*SUM(Tabel2[[#This Row],[Tijd]:[Omgeving]]),0) -> 0 | V45: 1. Gesprekken lopen bij grond en recht, voorlopig status monitoren of weerstand wordt ervaren gedurende de gesprekken | W45: 1. Jarno Sman | X45: 1. 10-12-2025 | AF45: =IFERROR(Tabel2[[#This Row],[Kans ]]*SUM(Tabel2[[#This Row],[Tijd ]:[Omgeving ]]),0) -> 0 | AG45: =VLOOKUP(Tabel2[[#This Row],[Kans ]],KWANTIFICEERTABELLEN!$B$19:$J$26,8,FALSE()) -> 0 | AH45: =IF(F$2<KWANTIFICEERTABELLEN!B$4,VLOOKUP(Tabel2[[#This Row],[Geld ]],KWANTIFICEERTABELLEN!$B$6:$J$13,9,FALSE()), IF(AND(F$2>KWANTIFICEERTABELLEN!B$4,$F$2<KWANTIFICEERTABELLEN!B$30),VLOOKUP(Tabel2[[#This Row],[Geld ]],KWANTIFICEERTABELLEN!$B$19:$J$26,9,FALSE()), IF(F$2>KWANTIFICEERTABELLEN!B$30,VLOOKUP(Tabel2[[#This Row],[Geld ]],KWANTIFICEERTABELLEN!$B$32:$J$39,9,FALSE()),))) -> 0 | AI45: =IFERROR(Tabel2[[#This Row],[Kans ]]*Tabel2[[#This Row],[Rekenwaarde kosten]],0) -> 0 | AJ45: =IF(F$2<KWANTIFICEERTABELLEN!B$4,VLOOKUP(Tabel2[[#This Row],[Tijd ]],KWANTIFICEERTABELLEN!$B$6:$D$13,3,FALSE()), IF(AND(F$2>KWANTIFICEERTABELLEN!B$4,$F$2<KWANTIFICEERTABELLEN!B$30),VLOOKUP(Tabel2[[#This Row],[Tijd ]],KWANTIFICEERTABELLEN!$B$19:$D$26,3,FALSE()), IF(F$2>KWANTIFICEERTABELLEN!B$30,VLOOKUP(Tabel2[[#This Row],[Tijd ]],KWANTIFICEERTABELLEN!$B$32:$D$39,3,FALSE()),))) -> Geen impact
B46: 35 | D46: De grondaankoop voor MSR-2 is niet tijdig verkregen waardoor het station niet kan worden geplaatst | E46: 1. ZRO proces niet goed doorlopen | F46: 1. Niet kunnen plaatsen MSR 2. Net niet overnemen 3. IBN datum verschuift | H46: Vervallen | I46: Isabel Gheza | J46: Liander | K46: Uitvoering | L46: 5 | M46: 7 | N46: 2 | O46: 7 | P46: 0 | Q46: 4 | R46: =IFERROR(Tabel2[[#This Row],[Kans]]*SUM(Tabel2[[#This Row],[Tijd]:[Omgeving]]),0) -> 100 | S46: =IF(F$2<KWANTIFICEERTABELLEN!B$17,_xlfn.XLOOKUP(Tabel2[[#This Row],[Kans]],KWANTIFICEERTABELLEN!$B$6:$B$13,KWANTIFICEERTABELLEN!I$6:I$13,), IF(AND(F$2>KWANTIFICEERTABELLEN!B$17,$F$2<KWANTIFICEERTABELLEN!B$30),_xlfn.XLOOKUP(Tabel2[[#This Row],[Kans]],KWANTIFICEERTABELLEN!$B$19:$B$26,KWANTIFICEERTABELLEN!I$19:I$26), IF(F$2>KWANTIFICEERTABELLEN!B$30,_xlfn.XLOOKUP(Tabel2[[#This Row],[Kans]],KWANTIFICEERTABELLEN!$B$32:$B$39,KWANTIFICEERTABELLEN!I$32:I$39)))) -> 0.4 | V46: 1. Alternatief uitwerken indien perceeleigenaar niet tekent. (TOMS) 2. Tijdig in gesprek gaan met de eigenaar | W46: 1. Reimer Lap | X46: 1. Gereed | Z46: 2 | AA46: 7 | AB46: 2 | AC46: 7 | AD46: 0 | AE46: 4 | AF46: =IFERROR(Tabel2[[#This Row],[Kans ]]*SUM(Tabel2[[#This Row],[Tijd ]:[Omgeving ]]),0) -> 40 | AG46: =IF(F$2<KWANTIFICEERTABELLEN!B$17,_xlfn.XLOOKUP(Tabel2[[#This Row],[Kans ]],KWANTIFICEERTABELLEN!$B$6:$B$13,KWANTIFICEERTABELLEN!I$6:I$13,), IF(AND(F$2>KWANTIFICEERTABELLEN!B$17,$F$2<KWANTIFICEERTABELLEN!B$30),_xlfn.XLOOKUP(Tabel2[[#This Row],[Kans ]],KWANTIFICEERTABELLEN!$B$19:$B$26,KWANTIFICEERTABELLEN!I$19:I$26), IF(F$2>KWANTIFICEERTABELLEN!B$30,_xlfn.XLOOKUP(Tabel2[[#This Row],[Kans ]],KWANTIFICEERTABELLEN!$B$32:$B$39,KWANTIFICEERTABELLEN!I$32:I$39)))) -> 0.1 | AH46: =IF(F$2<KWANTIFICEERTABELLEN!B$17,_xlfn.XLOOKUP(Tabel2[[#This Row],[Geld ]],KWANTIFICEERTABELLEN!$B$6:$B$13,KWANTIFICEERTABELLEN!J$6:J$13,), IF(AND(F$2>KWANTIFICEERTABELLEN!B$17,$F$2<KWANTIFICEERTABELLEN!B$30),_xlfn.XLOOKUP(Tabel2[[#This Row],[Geld ]],KWANTIFICEERTABELLEN!$B$19:$B$26,KWANTIFICEERTABELLEN!J$19:J$26), IF(F$2>KWANTIFICEERTABELLEN!B$30,_xlfn.XLOOKUP(Tabel2[[#This Row],[Geld ]],KWANTIFICEERTABELLEN!$B$32:$B$39,KWANTIFICEERTABELLEN!J$32:J$39)))) -> 7500 | AI46: =IFERROR(Tabel2[[#This Row],[Kans ]]*Tabel2[[#This Row],[Rekenwaarde kosten]],0) -> 750 | AJ46: =IF(F$2<KWANTIFICEERTABELLEN!B$4,VLOOKUP(Tabel2[[#This Row],[Tijd ]],KWANTIFICEERTABELLEN!$B$6:$D$13,3,FALSE()), IF(AND(F$2>KWANTIFICEERTABELLEN!B$4,$F$2<KWANTIFICEERTABELLEN!B$30),VLOOKUP(Tabel2[[#This Row],[Tijd ]],KWANTIFICEERTABELLEN!$B$19:$D$26,3,FALSE()), IF(F$2>KWANTIFICEERTABELLEN!B$30,VLOOKUP(Tabel2[[#This Row],[Tijd ]],KWANTIFICEERTABELLEN!$B$32:$D$39,3,FALSE()),))) -> > 2 maanden
B47: 36 | D47: De grondaankoop voor MSR-4 is niet tijdig verkregen waardoor het station niet kan worden geplaatst | E47: 1. Perceeleigenaar gaat niet akkoord met de geboden voorwaarden of de locatie van het station; 2. ZRO-proces niet tijdig of niet volledig doorlopen; 3. Beperkte capaciteit bij afdeling Grond & Recht voor tijdige behandeling van het dossier. | F47: 1. MSR-4 kan niet worden geplaatst, waardoor het net niet tijdig kan worden overgenomen; 2. Uitvoeringsplanning moet worden aangepast, met extra kosten; 3. IBN datum verschuift. | H47: Vervallen | I47: Isabel Gheza | J47: Liander | K47: Uitvoering | R47: =IFERROR(Tabel2[[#This Row],[Kans]]*SUM(Tabel2[[#This Row],[Tijd]:[Omgeving]]),0) -> 0 | V47: 1. Gesprekken lopen bij grond en recht, voorlopig status monitoren of weerstand wordt ervaren gedurende de gesprekken | W47: 1. Jarno Sman | X47: 1. Afgerond | Z47: 2 | AA47: 6 | AB47: 3 | AC47: 1 | AD47: 0 | AE47: 4 | AF47: =IFERROR(Tabel2[[#This Row],[Kans ]]*SUM(Tabel2[[#This Row],[Tijd ]:[Omgeving ]]),0) -> 28 | AG47: =VLOOKUP(Tabel2[[#This Row],[Kans ]],KWANTIFICEERTABELLEN!$B$19:$J$26,8,FALSE()) -> 0.1 | AH47: =IF(F$2<KWANTIFICEERTABELLEN!B$4,VLOOKUP(Tabel2[[#This Row],[Geld ]],KWANTIFICEERTABELLEN!$B$6:$J$13,9,FALSE()), IF(AND(F$2>KWANTIFICEERTABELLEN!B$4,$F$2<KWANTIFICEERTABELLEN!B$30),VLOOKUP(Tabel2[[#This Row],[Geld ]],KWANTIFICEERTABELLEN!$B$19:$J$26,9,FALSE()), IF(F$2>KWANTIFICEERTABELLEN!B$30,VLOOKUP(Tabel2[[#This Row],[Geld ]],KWANTIFICEERTABELLEN!$B$32:$J$39,9,FALSE()),))) -> 17500 | AI47: =IFERROR(Tabel2[[#This Row],[Kans ]]*Tabel2[[#This Row],[Rekenwaarde kosten]],0) -> 1750 | AJ47: =IF(F$2<KWANTIFICEERTABELLEN!B$4,VLOOKUP(Tabel2[[#This Row],[Tijd ]],KWANTIFICEERTABELLEN!$B$6:$D$13,3,FALSE()), IF(AND(F$2>KWANTIFICEERTABELLEN!B$4,$F$2<KWANTIFICEERTABELLEN!B$30),VLOOKUP(Tabel2[[#This Row],[Tijd ]],KWANTIFICEERTABELLEN!$B$19:$D$26,3,FALSE()), IF(F$2>KWANTIFICEERTABELLEN!B$30,VLOOKUP(Tabel2[[#This Row],[Tijd ]],KWANTIFICEERTABELLEN!$B$32:$D$39,3,FALSE()),))) -> 6 - 8 weken
B48: 37 | D48: De grondaankoop voor MSR-5 is niet tijdig verkregen waardoor het station niet kan worden geplaatst | H48: Vervallen | J48: Liander | K48: Uitvoering | R48: =IFERROR(Tabel2[[#This Row],[Kans]]*SUM(Tabel2[[#This Row],[Tijd]:[Omgeving]]),0) -> 0 | V48: 1. Gesprekken lopen bij grond en recht, voorlopig status monitoren of weerstand wordt ervaren gedurende de gesprekken | W48: 1. Jarno Sman | X48: 1. 10-12-2025 | AF48: =IFERROR(Tabel2[[#This Row],[Kans ]]*SUM(Tabel2[[#This Row],[Tijd ]:[Omgeving ]]),0) -> 0 | AG48: =VLOOKUP(Tabel2[[#This Row],[Kans ]],KWANTIFICEERTABELLEN!$B$19:$J$26,8,FALSE()) -> 0 | AH48: =IF(F$2<KWANTIFICEERTABELLEN!B$4,VLOOKUP(Tabel2[[#This Row],[Geld ]],KWANTIFICEERTABELLEN!$B$6:$J$13,9,FALSE()), IF(AND(F$2>KWANTIFICEERTABELLEN!B$4,$F$2<KWANTIFICEERTABELLEN!B$30),VLOOKUP(Tabel2[[#This Row],[Geld ]],KWANTIFICEERTABELLEN!$B$19:$J$26,9,FALSE()), IF(F$2>KWANTIFICEERTABELLEN!B$30,VLOOKUP(Tabel2[[#This Row],[Geld ]],KWANTIFICEERTABELLEN!$B$32:$J$39,9,FALSE()),))) -> 0 | AI48: =IFERROR(Tabel2[[#This Row],[Kans ]]*Tabel2[[#This Row],[Rekenwaarde kosten]],0) -> 0 | AJ48: =IF(F$2<KWANTIFICEERTABELLEN!B$4,VLOOKUP(Tabel2[[#This Row],[Tijd ]],KWANTIFICEERTABELLEN!$B$6:$D$13,3,FALSE()), IF(AND(F$2>KWANTIFICEERTABELLEN!B$4,$F$2<KWANTIFICEERTABELLEN!B$30),VLOOKUP(Tabel2[[#This Row],[Tijd ]],KWANTIFICEERTABELLEN!$B$19:$D$26,3,FALSE()), IF(F$2>KWANTIFICEERTABELLEN!B$30,VLOOKUP(Tabel2[[#This Row],[Tijd ]],KWANTIFICEERTABELLEN!$B$32:$D$39,3,FALSE()),))) -> Geen impact
B49: 38 | D49: De opstal voor de boring is niet tijdig verkregen waardoor het station niet kan worden geplaatst parallel aan MSR 7 | E49: 1. Perceeleigenaar gaat niet akkoord met de benodigde opstalrechten voor de boring; 2. Juridische of financiële bezwaren van de eigenaar vertragen het proces; 3. Beperkte capaciteit bij afdeling Grond & Recht. | F49: 1. De boring parallel aan MSR-7 kan niet tijdig worden uitgevoerd; 2. Plaatsing van het station loopt vertraging op; 3. IBN datum verschuift met extra kosten als gevolg. | H49: Vervallen | I49: Isabel Gheza | J49: Liander | K49: Uitvoering | R49: =IFERROR(Tabel2[[#This Row],[Kans]]*SUM(Tabel2[[#This Row],[Tijd]:[Omgeving]]),0) -> 0 | V49: 1. Gesprekken lopen bij grond en recht, voorlopig status monitoren of weerstand wordt ervaren gedurende de gesprekken | W49: 1. Jarno Sman | X49: 1. Gereed | Z49: 2 | AA49: 6 | AB49: 3 | AC49: 1 | AD49: 0 | AE49: 4 | AF49: =IFERROR(Tabel2[[#This Row],[Kans ]]*SUM(Tabel2[[#This Row],[Tijd ]:[Omgeving ]]),0) -> 28 | AG49: =VLOOKUP(Tabel2[[#This Row],[Kans ]],KWANTIFICEERTABELLEN!$B$19:$J$26,8,FALSE()) -> 0.1 | AH49: =IF(F$2<KWANTIFICEERTABELLEN!B$4,VLOOKUP(Tabel2[[#This Row],[Geld ]],KWANTIFICEERTABELLEN!$B$6:$J$13,9,FALSE()), IF(AND(F$2>KWANTIFICEERTABELLEN!B$4,$F$2<KWANTIFICEERTABELLEN!B$30),VLOOKUP(Tabel2[[#This Row],[Geld ]],KWANTIFICEERTABELLEN!$B$19:$J$26,9,FALSE()), IF(F$2>KWANTIFICEERTABELLEN!B$30,VLOOKUP(Tabel2[[#This Row],[Geld ]],KWANTIFICEERTABELLEN!$B$32:$J$39,9,FALSE()),))) -> 17500 | AI49: =IFERROR(Tabel2[[#This Row],[Kans ]]*Tabel2[[#This Row],[Rekenwaarde kosten]],0) -> 1750 | AJ49: =IF(F$2<KWANTIFICEERTABELLEN!B$4,VLOOKUP(Tabel2[[#This Row],[Tijd ]],KWANTIFICEERTABELLEN!$B$6:$D$13,3,FALSE()), IF(AND(F$2>KWANTIFICEERTABELLEN!B$4,$F$2<KWANTIFICEERTABELLEN!B$30),VLOOKUP(Tabel2[[#This Row],[Tijd ]],KWANTIFICEERTABELLEN!$B$19:$D$26,3,FALSE()), IF(F$2>KWANTIFICEERTABELLEN!B$30,VLOOKUP(Tabel2[[#This Row],[Tijd ]],KWANTIFICEERTABELLEN!$B$32:$D$39,3,FALSE()),))) -> 6 - 8 weken
B50: 39 | D50: De grondaankoop voor MSR-7 is niet tijdig verkregen waardoor het station niet kan worden geplaatst | E50: 1. Perceeleigenaar gaat niet akkoord met de geboden voorwaarden of locatie; 2. ZRO-proces niet tijdig of niet volledig doorlopen; 3. Beperkte capaciteit bij afdeling Grond & Recht. | F50: 1. MSR-7 kan niet worden geplaatst, waardoor het net niet tijdig kan worden overgenomen; 2. Uitvoeringsplanning moet worden aangepast; 3. IBN datum verschuift. | H50: Vervallen | I50: Isabel Gheza | J50: Liander | K50: Uitvoering | R50: =IFERROR(Tabel2[[#This Row],[Kans]]*SUM(Tabel2[[#This Row],[Tijd]:[Omgeving]]),0) -> 0 | V50: 1. Gesprekken lopen bij grond en recht, voorlopig status monitoren of weerstand wordt ervaren gedurende de gesprekken | W50: 1. Jarno Sman | X50: 1. Afgerond | Z50: 2 | AA50: 6 | AB50: 3 | AC50: 1 | AD50: 0 | AE50: 4 | AF50: =IFERROR(Tabel2[[#This Row],[Kans ]]*SUM(Tabel2[[#This Row],[Tijd ]:[Omgeving ]]),0) -> 28 | AG50: =VLOOKUP(Tabel2[[#This Row],[Kans ]],KWANTIFICEERTABELLEN!$B$19:$J$26,8,FALSE()) -> 0.1 | AH50: =IF(F$2<KWANTIFICEERTABELLEN!B$4,VLOOKUP(Tabel2[[#This Row],[Geld ]],KWANTIFICEERTABELLEN!$B$6:$J$13,9,FALSE()), IF(AND(F$2>KWANTIFICEERTABELLEN!B$4,$F$2<KWANTIFICEERTABELLEN!B$30),VLOOKUP(Tabel2[[#This Row],[Geld ]],KWANTIFICEERTABELLEN!$B$19:$J$26,9,FALSE()), IF(F$2>KWANTIFICEERTABELLEN!B$30,VLOOKUP(Tabel2[[#This Row],[Geld ]],KWANTIFICEERTABELLEN!$B$32:$J$39,9,FALSE()),))) -> 17500 | AI50: =IFERROR(Tabel2[[#This Row],[Kans ]]*Tabel2[[#This Row],[Rekenwaarde kosten]],0) -> 1750 | AJ50: =IF(F$2<KWANTIFICEERTABELLEN!B$4,VLOOKUP(Tabel2[[#This Row],[Tijd ]],KWANTIFICEERTABELLEN!$B$6:$D$13,3,FALSE()), IF(AND(F$2>KWANTIFICEERTABELLEN!B$4,$F$2<KWANTIFICEERTABELLEN!B$30),VLOOKUP(Tabel2[[#This Row],[Tijd ]],KWANTIFICEERTABELLEN!$B$19:$D$26,3,FALSE()), IF(F$2>KWANTIFICEERTABELLEN!B$30,VLOOKUP(Tabel2[[#This Row],[Tijd ]],KWANTIFICEERTABELLEN!$B$32:$D$39,3,FALSE()),))) -> 6 - 8 weken
B51: 40 | D51: De grondaankoop voor MSR-13 is niet tijdig verkregen waardoor het station niet kan worden geplaatst | H51: Vervallen | J51: Liander | K51: Uitvoering | R51: =IFERROR(Tabel2[[#This Row],[Kans]]*SUM(Tabel2[[#This Row],[Tijd]:[Omgeving]]),0) -> 0 | V51: 1. Gesprekken lopen bij grond en recht, voorlopig status monitoren of weerstand wordt ervaren gedurende de gesprekken | W51: 1. Jarno Sman | X51: 1. 10-12-2025 | AF51: =IFERROR(Tabel2[[#This Row],[Kans ]]*SUM(Tabel2[[#This Row],[Tijd ]:[Omgeving ]]),0) -> 0 | AG51: =VLOOKUP(Tabel2[[#This Row],[Kans ]],KWANTIFICEERTABELLEN!$B$19:$J$26,8,FALSE()) -> 0 | AH51: =IF(F$2<KWANTIFICEERTABELLEN!B$4,VLOOKUP(Tabel2[[#This Row],[Geld ]],KWANTIFICEERTABELLEN!$B$6:$J$13,9,FALSE()), IF(AND(F$2>KWANTIFICEERTABELLEN!B$4,$F$2<KWANTIFICEERTABELLEN!B$30),VLOOKUP(Tabel2[[#This Row],[Geld ]],KWANTIFICEERTABELLEN!$B$19:$J$26,9,FALSE()), IF(F$2>KWANTIFICEERTABELLEN!B$30,VLOOKUP(Tabel2[[#This Row],[Geld ]],KWANTIFICEERTABELLEN!$B$32:$J$39,9,FALSE()),))) -> 0 | AI51: =IFERROR(Tabel2[[#This Row],[Kans ]]*Tabel2[[#This Row],[Rekenwaarde kosten]],0) -> 0 | AJ51: =IF(F$2<KWANTIFICEERTABELLEN!B$4,VLOOKUP(Tabel2[[#This Row],[Tijd ]],KWANTIFICEERTABELLEN!$B$6:$D$13,3,FALSE()), IF(AND(F$2>KWANTIFICEERTABELLEN!B$4,$F$2<KWANTIFICEERTABELLEN!B$30),VLOOKUP(Tabel2[[#This Row],[Tijd ]],KWANTIFICEERTABELLEN!$B$19:$D$26,3,FALSE()), IF(F$2>KWANTIFICEERTABELLEN!B$30,VLOOKUP(Tabel2[[#This Row],[Tijd ]],KWANTIFICEERTABELLEN!$B$32:$D$39,3,FALSE()),))) -> Geen impact
B52: 41 | D52: De grondaankoop voor MSR-15 is niet tijdig verkregen waardoor het station niet kan worden geplaatst | E52: 1. Perceeleigenaar (boswachter) is niet beschikbaar of gaat niet akkoord met de voorgestelde voorwaarden; 2. ZRO-proces niet tijdig of niet volledig doorlopen; 3. Beperkte capaciteit bij afdeling Grond & Recht. | F52: 1. MSR-15 kan niet worden geplaatst, waardoor het net niet tijdig kan worden overgenomen; 2. Extra overlegrondes zijn noodzakelijk, met extra tijd en kosten; 3. IBN datum verschuift. | H52: Vervallen | I52: Isabel Gheza | J52: Liander | K52: Bouwteam | R52: =IFERROR(Tabel2[[#This Row],[Kans]]*SUM(Tabel2[[#This Row],[Tijd]:[Omgeving]]),0) -> 0 | V52: 1. Gesprekken lopen bij grond en recht, voorlopig status monitoren of weerstand wordt ervaren gedurende de gesprekken | W52: 1. Jarno Sman | X52: 1. 10-12-2025 | Z52: 2 | AA52: 6 | AB52: 3 | AC52: 1 | AD52: 0 | AE52: 4 | AF52: =IFERROR(Tabel2[[#This Row],[Kans ]]*SUM(Tabel2[[#This Row],[Tijd ]:[Omgeving ]]),0) -> 28 | AG52: =VLOOKUP(Tabel2[[#This Row],[Kans ]],KWANTIFICEERTABELLEN!$B$19:$J$26,8,FALSE()) -> 0.1 | AH52: =IF(F$2<KWANTIFICEERTABELLEN!B$4,VLOOKUP(Tabel2[[#This Row],[Geld ]],KWANTIFICEERTABELLEN!$B$6:$J$13,9,FALSE()), IF(AND(F$2>KWANTIFICEERTABELLEN!B$4,$F$2<KWANTIFICEERTABELLEN!B$30),VLOOKUP(Tabel2[[#This Row],[Geld ]],KWANTIFICEERTABELLEN!$B$19:$J$26,9,FALSE()), IF(F$2>KWANTIFICEERTABELLEN!B$30,VLOOKUP(Tabel2[[#This Row],[Geld ]],KWANTIFICEERTABELLEN!$B$32:$J$39,9,FALSE()),))) -> 17500 | AI52: =IFERROR(Tabel2[[#This Row],[Kans ]]*Tabel2[[#This Row],[Rekenwaarde kosten]],0) -> 1750 | AJ52: =IF(F$2<KWANTIFICEERTABELLEN!B$4,VLOOKUP(Tabel2[[#This Row],[Tijd ]],KWANTIFICEERTABELLEN!$B$6:$D$13,3,FALSE()), IF(AND(F$2>KWANTIFICEERTABELLEN!B$4,$F$2<KWANTIFICEERTABELLEN!B$30),VLOOKUP(Tabel2[[#This Row],[Tijd ]],KWANTIFICEERTABELLEN!$B$19:$D$26,3,FALSE()), IF(F$2>KWANTIFICEERTABELLEN!B$30,VLOOKUP(Tabel2[[#This Row],[Tijd ]],KWANTIFICEERTABELLEN!$B$32:$D$39,3,FALSE()),))) -> 6 - 8 weken
B53: 42 | D53: De grondaankoop voor MSR-14 is niet tijdig verkregen waardoor het station niet kan worden geplaatst | E53: 1. Perceeleigenaar is niet beschikbaar of gaat niet akkoord met de aangepaste overeenkomst; 2. ZRO-proces niet tijdig of niet volledig doorlopen; 3. Beperkte capaciteit bij afdeling Grond & Recht. | F53: 1. MSR-14 kan niet worden geplaatst, waardoor het net niet tijdig kan worden overgenomen; 2. Extra overlegrondes noodzakelijk met bijbehorende vertraging en kosten; 3. IBN datum verschuift. | H53: Vervallen | I53: Isabel Gheza | J53: Liander | K53: Bouwteam | R53: =IFERROR(Tabel2[[#This Row],[Kans]]*SUM(Tabel2[[#This Row],[Tijd]:[Omgeving]]),0) -> 0 | V53: 1. Bij terugkomst boswachter herinnering sturen / herhaalgesprek inplannen voor het bespreken van de ZRO. 2. Aangepaste overeenkomst overeenkomen | W53: 1. Isabel Gheza 2. Jarno Sman | X53: 1. Vervallen 2. 09-04-2026 | Z53: 2 | AA53: 6 | AB53: 3 | AC53: 1 | AD53: 0 | AE53: 4 | AF53: =IFERROR(Tabel2[[#This Row],[Kans ]]*SUM(Tabel2[[#This Row],[Tijd ]:[Omgeving ]]),0) -> 28 | AG53: =VLOOKUP(Tabel2[[#This Row],[Kans ]],KWANTIFICEERTABELLEN!$B$19:$J$26,8,FALSE()) -> 0.1 | AH53: =IF(F$2<KWANTIFICEERTABELLEN!B$4,VLOOKUP(Tabel2[[#This Row],[Geld ]],KWANTIFICEERTABELLEN!$B$6:$J$13,9,FALSE()), IF(AND(F$2>KWANTIFICEERTABELLEN!B$4,$F$2<KWANTIFICEERTABELLEN!B$30),VLOOKUP(Tabel2[[#This Row],[Geld ]],KWANTIFICEERTABELLEN!$B$19:$J$26,9,FALSE()), IF(F$2>KWANTIFICEERTABELLEN!B$30,VLOOKUP(Tabel2[[#This Row],[Geld ]],KWANTIFICEERTABELLEN!$B$32:$J$39,9,FALSE()),))) -> 17500 | AI53: =IFERROR(Tabel2[[#This Row],[Kans ]]*Tabel2[[#This Row],[Rekenwaarde kosten]],0) -> 1750 | AJ53: =IF(F$2<KWANTIFICEERTABELLEN!B$4,VLOOKUP(Tabel2[[#This Row],[Tijd ]],KWANTIFICEERTABELLEN!$B$6:$D$13,3,FALSE()), IF(AND(F$2>KWANTIFICEERTABELLEN!B$4,$F$2<KWANTIFICEERTABELLEN!B$30),VLOOKUP(Tabel2[[#This Row],[Tijd ]],KWANTIFICEERTABELLEN!$B$19:$D$26,3,FALSE()), IF(F$2>KWANTIFICEERTABELLEN!B$30,VLOOKUP(Tabel2[[#This Row],[Tijd ]],KWANTIFICEERTABELLEN!$B$32:$D$39,3,FALSE()),))) -> 6 - 8 weken
B54: 43 | D54: De opstal voor de boring is niet tijdig verkregen waardoor het station niet kan worden geplaatst | H54: Vervallen | J54: Liander | K54: Uitvoering | R54: =IFERROR(Tabel2[[#This Row],[Kans]]*SUM(Tabel2[[#This Row],[Tijd]:[Omgeving]]),0) -> 0 | AF54: =IFERROR(Tabel2[[#This Row],[Kans ]]*SUM(Tabel2[[#This Row],[Tijd ]:[Omgeving ]]),0) -> 0 | AG54: =VLOOKUP(Tabel2[[#This Row],[Kans ]],KWANTIFICEERTABELLEN!$B$19:$J$26,8,FALSE()) -> 0 | AH54: =IF(F$2<KWANTIFICEERTABELLEN!B$4,VLOOKUP(Tabel2[[#This Row],[Geld ]],KWANTIFICEERTABELLEN!$B$6:$J$13,9,FALSE()), IF(AND(F$2>KWANTIFICEERTABELLEN!B$4,$F$2<KWANTIFICEERTABELLEN!B$30),VLOOKUP(Tabel2[[#This Row],[Geld ]],KWANTIFICEERTABELLEN!$B$19:$J$26,9,FALSE()), IF(F$2>KWANTIFICEERTABELLEN!B$30,VLOOKUP(Tabel2[[#This Row],[Geld ]],KWANTIFICEERTABELLEN!$B$32:$J$39,9,FALSE()),))) -> 0 | AI54: =IFERROR(Tabel2[[#This Row],[Kans ]]*Tabel2[[#This Row],[Rekenwaarde kosten]],0) -> 0 | AJ54: =IF(F$2<KWANTIFICEERTABELLEN!B$4,VLOOKUP(Tabel2[[#This Row],[Tijd ]],KWANTIFICEERTABELLEN!$B$6:$D$13,3,FALSE()), IF(AND(F$2>KWANTIFICEERTABELLEN!B$4,$F$2<KWANTIFICEERTABELLEN!B$30),VLOOKUP(Tabel2[[#This Row],[Tijd ]],KWANTIFICEERTABELLEN!$B$19:$D$26,3,FALSE()), IF(F$2>KWANTIFICEERTABELLEN!B$30,VLOOKUP(Tabel2[[#This Row],[Tijd ]],KWANTIFICEERTABELLEN!$B$32:$D$39,3,FALSE()),))) -> Geen impact
B55: 44 | D55: De grondaankoop voor MSR-11 is niet tijdig verkregen waardoor het station niet kan worden geplaatst | E55: 1. Perceeleigenaar (boswachter) is niet beschikbaar of gaat niet akkoord; 2. ZRO-proces niet tijdig of niet volledig doorlopen; 3. Beperkte capaciteit bij afdeling Grond & Recht. | F55: 1. MSR-11 kan niet worden geplaatst, waardoor het net niet tijdig kan worden overgenomen; 2. Extra overlegrondes zijn noodzakelijk; 3. IBN datum verschuift. | H55: Vervallen | I55: Isabel Gheza | J55: Liander | K55: Bouwteam | R55: =IFERROR(Tabel2[[#This Row],[Kans]]*SUM(Tabel2[[#This Row],[Tijd]:[Omgeving]]),0) -> 0 | V55: 1. Bij terugkomst boswachter herinnering sturen / herhaalgesprek inplannen voor het bespreken van de ZRO 2. Aangepaste overeenkomst overeenkomen | W55: 1. Isabel Gheza 2. Jarno Sman | X55: 1. Vervallen 2. 09-04-2026 | Z55: 2 | AA55: 6 | AB55: 3 | AC55: 1 | AD55: 0 | AE55: 4 | AF55: =IFERROR(Tabel2[[#This Row],[Kans ]]*SUM(Tabel2[[#This Row],[Tijd ]:[Omgeving ]]),0) -> 28 | AG55: =VLOOKUP(Tabel2[[#This Row],[Kans ]],KWANTIFICEERTABELLEN!$B$19:$J$26,8,FALSE()) -> 0.1 | AH55: =IF(F$2<KWANTIFICEERTABELLEN!B$4,VLOOKUP(Tabel2[[#This Row],[Geld ]],KWANTIFICEERTABELLEN!$B$6:$J$13,9,FALSE()), IF(AND(F$2>KWANTIFICEERTABELLEN!B$4,$F$2<KWANTIFICEERTABELLEN!B$30),VLOOKUP(Tabel2[[#This Row],[Geld ]],KWANTIFICEERTABELLEN!$B$19:$J$26,9,FALSE()), IF(F$2>KWANTIFICEERTABELLEN!B$30,VLOOKUP(Tabel2[[#This Row],[Geld ]],KWANTIFICEERTABELLEN!$B$32:$J$39,9,FALSE()),))) -> 17500 | AI55: =IFERROR(Tabel2[[#This Row],[Kans ]]*Tabel2[[#This Row],[Rekenwaarde kosten]],0) -> 1750 | AJ55: =IF(F$2<KWANTIFICEERTABELLEN!B$4,VLOOKUP(Tabel2[[#This Row],[Tijd ]],KWANTIFICEERTABELLEN!$B$6:$D$13,3,FALSE()), IF(AND(F$2>KWANTIFICEERTABELLEN!B$4,$F$2<KWANTIFICEERTABELLEN!B$30),VLOOKUP(Tabel2[[#This Row],[Tijd ]],KWANTIFICEERTABELLEN!$B$19:$D$26,3,FALSE()), IF(F$2>KWANTIFICEERTABELLEN!B$30,VLOOKUP(Tabel2[[#This Row],[Tijd ]],KWANTIFICEERTABELLEN!$B$32:$D$39,3,FALSE()),))) -> 6 - 8 weken
B56: 45 | D56: De grondaankoop voor werkstrook van staatsbosbeheer is niet tijdig verkregen waardoor het station niet kan worden geplaatst | E56: 1. Staatsbosbeheer is niet beschikbaar of gaat niet akkoord met de voorwaarden voor de werkstrook; 2. Interne procedures bij Staatsbosbeheer vereisen meer doorlooptijd dan voorzien; 3. ZRO-proces niet tijdig of niet volledig doorlopen. | F56: 1. Uitvoering op de desbetreffende tracédelen kan niet starten door ontbrekende toestemming; 2. Uitvoeringsplanning moet worden aangepast, met herplanning en extra kosten; 3. IBN datum verschuift. | H56: Vervallen | I56: Isabel Gheza | J56: Liander | K56: Bouwteam | R56: =IFERROR(Tabel2[[#This Row],[Kans]]*SUM(Tabel2[[#This Row],[Tijd]:[Omgeving]]),0) -> 0 | V56: 1. Bij terugkomst boswachter herinnering sturen / herhaalgesprek inplannen voor het bespreken van de ZRO 2. Aangepaste overeenkomst overeenkomen | W56: 1. Isabel Gheza 2. Jarno Sman | X56: 1. Vervallen 2. 09-04-2026 | Z56: 2 | AA56: 6 | AB56: 3 | AC56: 1 | AD56: 0 | AE56: 4 | AF56: =IFERROR(Tabel2[[#This Row],[Kans ]]*SUM(Tabel2[[#This Row],[Tijd ]:[Omgeving ]]),0) -> 28 | AG56: =VLOOKUP(Tabel2[[#This Row],[Kans ]],KWANTIFICEERTABELLEN!$B$19:$J$26,8,FALSE()) -> 0.1 | AH56: =IF(F$2<KWANTIFICEERTABELLEN!B$4,VLOOKUP(Tabel2[[#This Row],[Geld ]],KWANTIFICEERTABELLEN!$B$6:$J$13,9,FALSE()), IF(AND(F$2>KWANTIFICEERTABELLEN!B$4,$F$2<KWANTIFICEERTABELLEN!B$30),VLOOKUP(Tabel2[[#This Row],[Geld ]],KWANTIFICEERTABELLEN!$B$19:$J$26,9,FALSE()), IF(F$2>KWANTIFICEERTABELLEN!B$30,VLOOKUP(Tabel2[[#This Row],[Geld ]],KWANTIFICEERTABELLEN!$B$32:$J$39,9,FALSE()),))) -> 17500 | AI56: =IFERROR(Tabel2[[#This Row],[Kans ]]*Tabel2[[#This Row],[Rekenwaarde kosten]],0) -> 1750 | AJ56: =IF(F$2<KWANTIFICEERTABELLEN!B$4,VLOOKUP(Tabel2[[#This Row],[Tijd ]],KWANTIFICEERTABELLEN!$B$6:$D$13,3,FALSE()), IF(AND(F$2>KWANTIFICEERTABELLEN!B$4,$F$2<KWANTIFICEERTABELLEN!B$30),VLOOKUP(Tabel2[[#This Row],[Tijd ]],KWANTIFICEERTABELLEN!$B$19:$D$26,3,FALSE()), IF(F$2>KWANTIFICEERTABELLEN!B$30,VLOOKUP(Tabel2[[#This Row],[Tijd ]],KWANTIFICEERTABELLEN!$B$32:$D$39,3,FALSE()),))) -> 6 - 8 weken
B57: 76 | C57: Beiden | D57: K&L Liander ef/of derden beschadigen tijdens graafwerkzaamheden | E57: 1. Onvolledige of onjuiste KLIC-melding of afwijking tussen registratie en werkelijke ligging van kabels; 2. Onvoldoende lokalisatie of voorzichtigheid bij graaf- of boorwerkzaamheden; 3. Afwijkingen van de werkmethode of het ontwerp (bijv. dieper graven of gewijzigd tracé). | F57: 1. Uitval of verstoring van nutsvoorzieningen (elektra, gas, water, telecom); 2. Veiligheidsrisico's voor personeel en omgeving (bijv. elektrocutie, gaslek); 3. Vertraging en extra kosten door herstelwerk, claims en mogelijke werkstillegging. | H57: Voorstel | I57: Onno Cavalini | J57: A.Hak | K57: Uitvoering | R57: =IFERROR(Tabel2[[#This Row],[Kans]]*SUM(Tabel2[[#This Row],[Tijd]:[Omgeving]]),0) -> 0 | S57: =IF(F$2<KWANTIFICEERTABELLEN!B$17,_xlfn.XLOOKUP(Tabel2[[#This Row],[Kans]],KWANTIFICEERTABELLEN!$B$6:$B$13,KWANTIFICEERTABELLEN!I$6:I$13,), IF(AND(F$2>KWANTIFICEERTABELLEN!B$17,$F$2<KWANTIFICEERTABELLEN!B$30),_xlfn.XLOOKUP(Tabel2[[#This Row],[Kans]],KWANTIFICEERTABELLEN!$B$19:$B$26,KWANTIFICEERTABELLEN!I$19:I$26), IF(F$2>KWANTIFICEERTABELLEN!B$30,_xlfn.XLOOKUP(Tabel2[[#This Row],[Kans]],KWANTIFICEERTABELLEN!$B$32:$B$39,KWANTIFICEERTABELLEN!I$32:I$39)))) -> #N/A | V57: 1. KLIC-melding tijdig en zorgvuldig uitvoeren en analyseren, inclusief controle op actualiteit; 2. Kabels en leidingen in het veld lokaliseren via proefsleuven op kritieke punten; 3. Duidelijke werkinstructies en toezicht bij werkzaamheden nabij kabels en leidingen van derden. | Z57: 3 | AA57: 4 | AB57: 5 | AC57: 2 | AD57: 5 | AE57: 3 | AF57: =IFERROR(Tabel2[[#This Row],[Kans ]]*SUM(Tabel2[[#This Row],[Tijd ]:[Omgeving ]]),0) -> 57 | AG57: =IF(F$2<KWANTIFICEERTABELLEN!B$17,_xlfn.XLOOKUP(Tabel2[[#This Row],[Kans ]],KWANTIFICEERTABELLEN!$B$6:$B$13,KWANTIFICEERTABELLEN!I$6:I$13,), IF(AND(F$2>KWANTIFICEERTABELLEN!B$17,$F$2<KWANTIFICEERTABELLEN!B$30),_xlfn.XLOOKUP(Tabel2[[#This Row],[Kans ]],KWANTIFICEERTABELLEN!$B$19:$B$26,KWANTIFICEERTABELLEN!I$19:I$26), IF(F$2>KWANTIFICEERTABELLEN!B$30,_xlfn.XLOOKUP(Tabel2[[#This Row],[Kans ]],KWANTIFICEERTABELLEN!$B$32:$B$39,KWANTIFICEERTABELLEN!I$32:I$39)))) -> 0.2 | AH57: =IF(F$2<KWANTIFICEERTABELLEN!B$17,_xlfn.XLOOKUP(Tabel2[[#This Row],[Geld ]],KWANTIFICEERTABELLEN!$B$6:$B$13,KWANTIFICEERTABELLEN!J$6:J$13,), IF(AND(F$2>KWANTIFICEERTABELLEN!B$17,$F$2<KWANTIFICEERTABELLEN!B$30),_xlfn.XLOOKUP(Tabel2[[#This Row],[Geld ]],KWANTIFICEERTABELLEN!$B$19:$B$26,KWANTIFICEERTABELLEN!J$19:J$26), IF(F$2>KWANTIFICEERTABELLEN!B$30,_xlfn.XLOOKUP(Tabel2[[#This Row],[Geld ]],KWANTIFICEERTABELLEN!$B$32:$B$39,KWANTIFICEERTABELLEN!J$32:J$39)))) -> 67500 | AI57: =IFERROR(Tabel2[[#This Row],[Kans ]]*Tabel2[[#This Row],[Rekenwaarde kosten]],0) -> 13500 | AJ57: =IF(F$2<KWANTIFICEERTABELLEN!B$4,VLOOKUP(Tabel2[[#This Row],[Tijd ]],KWANTIFICEERTABELLEN!$B$6:$D$13,3,FALSE()), IF(AND(F$2>KWANTIFICEERTABELLEN!B$4,$F$2<KWANTIFICEERTABELLEN!B$30),VLOOKUP(Tabel2[[#This Row],[Tijd ]],KWANTIFICEERTABELLEN!$B$19:$D$26,3,FALSE()), IF(F$2>KWANTIFICEERTABELLEN!B$30,VLOOKUP(Tabel2[[#This Row],[Tijd ]],KWANTIFICEERTABELLEN!$B$32:$D$39,3,FALSE()),))) -> 2 - 4 weken
B58: 93 | C58: DP2 (3kV) | D58: Er treedt een storing op bij de 3kV kabels | E58: 1. Verouderde kabelinfrastructuur met verhoogde faalkans door materiaaldegradatie; 2. Beschadiging van de 3kV kabels door graaf- of boorwerkzaamheden in de nabijheid van het bestaande net; 3. Onvoldoende redundantie in het bestaande 3kV netwerk waardoor een enkelvoudige storing direct leidt tot stagnatie van het project. | F58: 1. Project stagneert totdat de storing wordt opgelost; 2. Extra kosten voor noodmaatregelen en herstelwerkzaamheden; 3. IBN datum verschuift door onvoorziene uitvoeringsonderbreking. | G58: Overgenomen uit risicodossier Zuiderdijkweg | H58: Voorstel | I58: Onno Cavalini | J58: A.Hak | K58: Uitvoering | R58: =IFERROR(Tabel2[[#This Row],[Kans]]*SUM(Tabel2[[#This Row],[Tijd]:[Omgeving]]),0) -> 0 | S58: =IF(F$2<KWANTIFICEERTABELLEN!B$17,_xlfn.XLOOKUP(Tabel2[[#This Row],[Kans]],KWANTIFICEERTABELLEN!$B$6:$B$13,KWANTIFICEERTABELLEN!I$6:I$13,),IF(AND(F$2>KWANTIFICEERTABELLEN!B$17,$F$2<KWANTIFICEERTABELLEN!B$30),_xlfn.XLOOKUP(Tabel2[[#This Row],[Kans]],KWANTIFICEERTABELLEN!$B$19:$B$26,KWANTIFICEERTABELLEN!I$19:I$26),IF(F$2>KWANTIFICEERTABELLEN!B$30,_xlfn.XLOOKUP(Tabel2[[#This Row],[Kans]],KWANTIFICEERTABELLEN!$B$32:$B$39,KWANTIFICEERTABELLEN!I$32:I$39)))) -> #N/A | U58: =IFERROR(Tabel2[[#This Row],[Kans ]]*Tabel2[[#This Row],[Geld ]],0) -> 0 | V58: 1. De nieuwe situatie in dienst zetten voordat de oude situatie wordt geamoveerd; 2. Regelmatige inspectie van de 3kV kabels in de nabijheid van de werkzaamheden; 3. Protocol opstellen voor directe melding en respons bij storingen. | Z58: 3 | AA58: 4 | AB58: 4 | AC58: 4 | AD58: 5 | AE58: 2 | AF58: =IFERROR(Tabel2[[#This Row],[Kans ]]*SUM(Tabel2[[#This Row],[Tijd ]:[Omgeving ]]),0) -> 57 | AG58: =IF(F$2<KWANTIFICEERTABELLEN!B$17,_xlfn.XLOOKUP(Tabel2[[#This Row],[Kans ]],KWANTIFICEERTABELLEN!$B$6:$B$13,KWANTIFICEERTABELLEN!I$6:I$13,),IF(AND(F$2>KWANTIFICEERTABELLEN!B$17,$F$2<KWANTIFICEERTABELLEN!B$30),_xlfn.XLOOKUP(Tabel2[[#This Row],[Kans ]],KWANTIFICEERTABELLEN!$B$19:$B$26,KWANTIFICEERTABELLEN!I$19:I$26),IF(F$2>KWANTIFICEERTABELLEN!B$30,_xlfn.XLOOKUP(Tabel2[[#This Row],[Kans ]],KWANTIFICEERTABELLEN!$B$32:$B$39,KWANTIFICEERTABELLEN!I$32:I$39)))) -> 0.2 | AH58: =IF(F$2<KWANTIFICEERTABELLEN!B$17,_xlfn.XLOOKUP(Tabel2[[#This Row],[Geld ]],KWANTIFICEERTABELLEN!$B$6:$B$13,KWANTIFICEERTABELLEN!J$6:J$13,),IF(AND(F$2>KWANTIFICEERTABELLEN!B$17,$F$2<KWANTIFICEERTABELLEN!B$30),_xlfn.XLOOKUP(Tabel2[[#This Row],[Geld ]],KWANTIFICEERTABELLEN!$B$19:$B$26,KWANTIFICEERTABELLEN!J$19:J$26),IF(F$2>KWANTIFICEERTABELLEN!B$30,_xlfn.XLOOKUP(Tabel2[[#This Row],[Geld ]],KWANTIFICEERTABELLEN!$B$32:$B$39,KWANTIFICEERTABELLEN!J$32:J$39)))) -> 37500 | AI58: =IFERROR(Tabel2[[#This Row],[Kans ]]*Tabel2[[#This Row],[Rekenwaarde kosten]],0) -> 7500 | AJ58: =IF(F$2<KWANTIFICEERTABELLEN!B$4,VLOOKUP(Tabel2[[#This Row],[Tijd ]],KWANTIFICEERTABELLEN!$B$6:$D$13,3,FALSE()),IF(AND(F$2>KWANTIFICEERTABELLEN!B$4,$F$2<KWANTIFICEERTABELLEN!B$30),VLOOKUP(Tabel2[[#This Row],[Tijd ]],KWANTIFICEERTABELLEN!$B$19:$D$26,3,FALSE()),IF(F$2>KWANTIFICEERTABELLEN!B$30,VLOOKUP(Tabel2[[#This Row],[Tijd ]],KWANTIFICEERTABELLEN!$B$32:$D$39,3,FALSE()),))) -> 2 - 4 weken
B59: 48 | D59: Nieuwe onderzoeken nodig voor 3kV verwijderen | E59: 1. Buffer van eerder uitgevoerde conditionerende onderzoeken is niet toereikend voor de 3kV amovering; 2. Tracéwijzigingen of scopeuitbreidingen vallen buiten het onderzoeksgebied van de reeds uitgevoerde onderzoeken; 3. Bevoegd gezag of omgevingsdienst stelt aanvullende onderzoekseisen. | F59: 1. Langere doorlooptijden door het uitvoeren van nieuwe conditionerende onderzoeken; 2. Extra kosten voor niet-geplande onderzoeksactiviteiten; 3. Vertraging in de uitvoering doordat werkzaamheden niet mogen starten voor afronding van de onderzoeken. | G59: Alleen kabels verwijderen waar we nieuwe gaan leggen. Dus ook geen tekeningen. | H59: Vervallen | I59: Isabel Gheza | J59: Liander | K59: Bouwteam | L59: 3 | M59: 5 | N59: 2 | O59: 0 | P59: 0 | Q59: 4 | R59: =IFERROR(Tabel2[[#This Row],[Kans]]*SUM(Tabel2[[#This Row],[Tijd]:[Omgeving]]),0) -> 33 | V59: 1. OM buffer uitgevoerde onderzoeken controleren | Z59: 2 | AA59: 5 | AB59: 2 | AC59: 0 | AD59: 0 | AE59: 4 | AF59: =IFERROR(Tabel2[[#This Row],[Kans ]]*SUM(Tabel2[[#This Row],[Tijd ]:[Omgeving ]]),0) -> 22 | AG59: =VLOOKUP(Tabel2[[#This Row],[Kans ]],KWANTIFICEERTABELLEN!$B$19:$J$26,8,FALSE()) -> 0.1 | AH59: =IF(F$2<KWANTIFICEERTABELLEN!B$4,VLOOKUP(Tabel2[[#This Row],[Geld ]],KWANTIFICEERTABELLEN!$B$6:$J$13,9,FALSE()), IF(AND(F$2>KWANTIFICEERTABELLEN!B$4,$F$2<KWANTIFICEERTABELLEN!B$30),VLOOKUP(Tabel2[[#This Row],[Geld ]],KWANTIFICEERTABELLEN!$B$19:$J$26,9,FALSE()), IF(F$2>KWANTIFICEERTABELLEN!B$30,VLOOKUP(Tabel2[[#This Row],[Geld ]],KWANTIFICEERTABELLEN!$B$32:$J$39,9,FALSE()),))) -> 7500 | AI59: =IFERROR(Tabel2[[#This Row],[Kans ]]*Tabel2[[#This Row],[Rekenwaarde kosten]],0) -> 750 | AJ59: =IF(F$2<KWANTIFICEERTABELLEN!B$4,VLOOKUP(Tabel2[[#This Row],[Tijd ]],KWANTIFICEERTABELLEN!$B$6:$D$13,3,FALSE()), IF(AND(F$2>KWANTIFICEERTABELLEN!B$4,$F$2<KWANTIFICEERTABELLEN!B$30),VLOOKUP(Tabel2[[#This Row],[Tijd ]],KWANTIFICEERTABELLEN!$B$19:$D$26,3,FALSE()), IF(F$2>KWANTIFICEERTABELLEN!B$30,VLOOKUP(Tabel2[[#This Row],[Tijd ]],KWANTIFICEERTABELLEN!$B$32:$D$39,3,FALSE()),))) -> 4 - 6 weken
B60: 68 | C60: DP2 (3kV) | D60: Er wordt (onverwachts) asbest aangetroffen in de 3kV stations | E60: 1. Geen schouw 2. MSR's gebouwd in tijd dat veel asbest werd toegepast | F60: 1. Onveilige werksituatie 2. Inschakelen gecertificeerd amoveerbedrijf 3. Uitvoering herplannen 4. Stagnatie | H60: Actueel | I60: Onno Cavalini | J60: Liander | K60: Uitvoering | L60: 6 | M60: 1 | N60: 4 | O60: 0 | P60: 6 | Q60: 5 | R60: =IFERROR(Tabel2[[#This Row],[Kans]]*SUM(Tabel2[[#This Row],[Tijd]:[Omgeving]]),0) -> 96 | S60: =IF(F$2<KWANTIFICEERTABELLEN!B$17,_xlfn.XLOOKUP(Tabel2[[#This Row],[Kans]],KWANTIFICEERTABELLEN!$B$6:$B$13,KWANTIFICEERTABELLEN!I$6:I$13,), IF(AND(F$2>KWANTIFICEERTABELLEN!B$17,$F$2<KWANTIFICEERTABELLEN!B$30),_xlfn.XLOOKUP(Tabel2[[#This Row],[Kans]],KWANTIFICEERTABELLEN!$B$19:$B$26,KWANTIFICEERTABELLEN!I$19:I$26), IF(F$2>KWANTIFICEERTABELLEN!B$30,_xlfn.XLOOKUP(Tabel2[[#This Row],[Kans]],KWANTIFICEERTABELLEN!$B$32:$B$39,KWANTIFICEERTABELLEN!I$32:I$39)))) -> 0.5 | V60: 1. Schouw degelijk en tijdig uitvoeren 2. Verkennende onderzoeken naar asbestverdacht 3. Contact leggen met asbest-sanering bedrijven 4. Informeren bij Liander asbestonderzoek | Z60: 5 | AA60: 1 | AB60: 4 | AC60: 0 | AD60: 1 | AE60: 5 | AF60: =IFERROR(Tabel2[[#This Row],[Kans ]]*SUM(Tabel2[[#This Row],[Tijd ]:[Omgeving ]]),0) -> 55 | AG60: =IF(F$2<KWANTIFICEERTABELLEN!B$17,_xlfn.XLOOKUP(Tabel2[[#This Row],[Kans ]],KWANTIFICEERTABELLEN!$B$6:$B$13,KWANTIFICEERTABELLEN!I$6:I$13,), IF(AND(F$2>KWANTIFICEERTABELLEN!B$17,$F$2<KWANTIFICEERTABELLEN!B$30),_xlfn.XLOOKUP(Tabel2[[#This Row],[Kans ]],KWANTIFICEERTABELLEN!$B$19:$B$26,KWANTIFICEERTABELLEN!I$19:I$26), IF(F$2>KWANTIFICEERTABELLEN!B$30,_xlfn.XLOOKUP(Tabel2[[#This Row],[Kans ]],KWANTIFICEERTABELLEN!$B$32:$B$39,KWANTIFICEERTABELLEN!I$32:I$39)))) -> 0.4 | AH60: =IF(F$2<KWANTIFICEERTABELLEN!B$17,_xlfn.XLOOKUP(Tabel2[[#This Row],[Geld ]],KWANTIFICEERTABELLEN!$B$6:$B$13,KWANTIFICEERTABELLEN!J$6:J$13,), IF(AND(F$2>KWANTIFICEERTABELLEN!B$17,$F$2<KWANTIFICEERTABELLEN!B$30),_xlfn.XLOOKUP(Tabel2[[#This Row],[Geld ]],KWANTIFICEERTABELLEN!$B$19:$B$26,KWANTIFICEERTABELLEN!J$19:J$26), IF(F$2>KWANTIFICEERTABELLEN!B$30,_xlfn.XLOOKUP(Tabel2[[#This Row],[Geld ]],KWANTIFICEERTABELLEN!$B$32:$B$39,KWANTIFICEERTABELLEN!J$32:J$39)))) -> 37500 | AI60: =IFERROR(Tabel2[[#This Row],[Kans ]]*Tabel2[[#This Row],[Rekenwaarde kosten]],0) -> 15000 | AJ60: =IF(F$2<KWANTIFICEERTABELLEN!B$4,VLOOKUP(Tabel2[[#This Row],[Tijd ]],KWANTIFICEERTABELLEN!$B$6:$D$13,3,FALSE()), IF(AND(F$2>KWANTIFICEERTABELLEN!B$4,$F$2<KWANTIFICEERTABELLEN!B$30),VLOOKUP(Tabel2[[#This Row],[Tijd ]],KWANTIFICEERTABELLEN!$B$19:$D$26,3,FALSE()), IF(F$2>KWANTIFICEERTABELLEN!B$30,VLOOKUP(Tabel2[[#This Row],[Tijd ]],KWANTIFICEERTABELLEN!$B$32:$D$39,3,FALSE()),))) -> < 0.5 week
B61: 50 | D61: ZRO Gerding niet tijdig gereed | E61: 1. Perceeleigenaar Gerding gaat niet akkoord met de geboden voorwaarden of tracélocatie; 2. ZRO-tekeningen niet tijdig aangeleverd of niet volledig; 3. Beperkte capaciteit bij afdeling Grond & Recht voor tijdige behandeling. | F61: 1. Werkzaamheden op het perceel Gerding kunnen niet starten; 2. Uitvoeringsplanning moet worden aangepast, met extra kosten; 3. Risico op gedoogprocedure met aanzienlijk langere doorlooptijd. | H61: Vervallen | I61: Isabel Gheza | J61: Bouwteam | K61: Bouwteam | R61: =IFERROR(Tabel2[[#This Row],[Kans]]*SUM(Tabel2[[#This Row],[Tijd]:[Omgeving]]),0) -> 0 | V61: 1. Tijdig contact opnemen met perceeleigenaar Gerding en knelpunten in gesprek bespreken; 2. Bij weerstand direct de gedoogprocedure opstarten; 3. Uitvoeringsplanning aanpassen zodat het perceel Gerding als laatste wordt behandeld. | Z61: 3 | AA61: 3 | AB61: 2 | AC61: 3 | AD61: 0 | AE61: 2 | AF61: =IFERROR(Tabel2[[#This Row],[Kans ]]*SUM(Tabel2[[#This Row],[Tijd ]:[Omgeving ]]),0) -> 30 | AG61: =VLOOKUP(Tabel2[[#This Row],[Kans ]],KWANTIFICEERTABELLEN!$B$19:$J$26,8,FALSE()) -> 0.2 | AH61: =IF(F$2<KWANTIFICEERTABELLEN!B$4,VLOOKUP(Tabel2[[#This Row],[Geld ]],KWANTIFICEERTABELLEN!$B$6:$J$13,9,FALSE()), IF(AND(F$2>KWANTIFICEERTABELLEN!B$4,$F$2<KWANTIFICEERTABELLEN!B$30),VLOOKUP(Tabel2[[#This Row],[Geld ]],KWANTIFICEERTABELLEN!$B$19:$J$26,9,FALSE()), IF(F$2>KWANTIFICEERTABELLEN!B$30,VLOOKUP(Tabel2[[#This Row],[Geld ]],KWANTIFICEERTABELLEN!$B$32:$J$39,9,FALSE()),))) -> 7500 | AI61: =IFERROR(Tabel2[[#This Row],[Kans ]]*Tabel2[[#This Row],[Rekenwaarde kosten]],0) -> 1500 | AJ61: =IF(F$2<KWANTIFICEERTABELLEN!B$4,VLOOKUP(Tabel2[[#This Row],[Tijd ]],KWANTIFICEERTABELLEN!$B$6:$D$13,3,FALSE()), IF(AND(F$2>KWANTIFICEERTABELLEN!B$4,$F$2<KWANTIFICEERTABELLEN!B$30),VLOOKUP(Tabel2[[#This Row],[Tijd ]],KWANTIFICEERTABELLEN!$B$19:$D$26,3,FALSE()), IF(F$2>KWANTIFICEERTABELLEN!B$30,VLOOKUP(Tabel2[[#This Row],[Tijd ]],KWANTIFICEERTABELLEN!$B$32:$D$39,3,FALSE()),))) -> 1 - 2 weken
B62: 51 | D62: ZRO Zijlmans niet tijdig gereed | E62: 1. Perceeleigenaar Zijlmans gaat niet akkoord met de geboden voorwaarden of tracélocatie; 2. ZRO-tekeningen niet tijdig aangeleverd of niet volledig; 3. Beperkte capaciteit bij afdeling Grond & Recht voor tijdige behandeling. | F62: 1. Werkzaamheden op het perceel Zijlmans kunnen niet starten; 2. Uitvoeringsplanning moet worden aangepast, met extra kosten; 3. Risico op gedoogprocedure met aanzienlijk langere doorlooptijd. | H62: Vervallen | I62: Isabel Gheza | J62: Bouwteam | K62: Bouwteam | R62: =IFERROR(Tabel2[[#This Row],[Kans]]*SUM(Tabel2[[#This Row],[Tijd]:[Omgeving]]),0) -> 0 | V62: 1. Tijdig contact opnemen met perceeleigenaar Zijlmans en knelpunten bespreken; 2. Bij weerstand direct de gedoogprocedure opstarten; 3. Uitvoeringsplanning aanpassen zodat het perceel Zijlmans als laatste wordt behandeld. | Z62: 3 | AA62: 3 | AB62: 2 | AC62: 3 | AD62: 0 | AE62: 2 | AF62: =IFERROR(Tabel2[[#This Row],[Kans ]]*SUM(Tabel2[[#This Row],[Tijd ]:[Omgeving ]]),0) -> 30 | AG62: =VLOOKUP(Tabel2[[#This Row],[Kans ]],KWANTIFICEERTABELLEN!$B$19:$J$26,8,FALSE()) -> 0.2 | AH62: =IF(F$2<KWANTIFICEERTABELLEN!B$4,VLOOKUP(Tabel2[[#This Row],[Geld ]],KWANTIFICEERTABELLEN!$B$6:$J$13,9,FALSE()), IF(AND(F$2>KWANTIFICEERTABELLEN!B$4,$F$2<KWANTIFICEERTABELLEN!B$30),VLOOKUP(Tabel2[[#This Row],[Geld ]],KWANTIFICEERTABELLEN!$B$19:$J$26,9,FALSE()), IF(F$2>KWANTIFICEERTABELLEN!B$30,VLOOKUP(Tabel2[[#This Row],[Geld ]],KWANTIFICEERTABELLEN!$B$32:$J$39,9,FALSE()),))) -> 7500 | AI62: =IFERROR(Tabel2[[#This Row],[Kans ]]*Tabel2[[#This Row],[Rekenwaarde kosten]],0) -> 1500 | AJ62: =IF(F$2<KWANTIFICEERTABELLEN!B$4,VLOOKUP(Tabel2[[#This Row],[Tijd ]],KWANTIFICEERTABELLEN!$B$6:$D$13,3,FALSE()), IF(AND(F$2>KWANTIFICEERTABELLEN!B$4,$F$2<KWANTIFICEERTABELLEN!B$30),VLOOKUP(Tabel2[[#This Row],[Tijd ]],KWANTIFICEERTABELLEN!$B$19:$D$26,3,FALSE()), IF(F$2>KWANTIFICEERTABELLEN!B$30,VLOOKUP(Tabel2[[#This Row],[Tijd ]],KWANTIFICEERTABELLEN!$B$32:$D$39,3,FALSE()),))) -> 1 - 2 weken
B63: 82 | C63: DP2 (3kV) | D63: WV'er (met 3kV kennis) is niet beschikbaar | E63: 1. Beperkte beschikbaarheid van gecertificeerde werkverantwoordelijken met specifieke 3kV-kennis; 2. Marktschaarste door hoge gelijktijdige vraag bij meerdere projecten; 3. Uitval van de geplande WV'er door ziekte, verlof of overbelasting zonder afdoende vervanging. | F63: 1. Warmwerkplannen en schakelplannen kunnen niet worden opgesteld, waardoor de uitvoering stagneert; 2. 3kV werkzaamheden kunnen niet veilig en conform procedure worden uitgevoerd; 3. Vertraging en extra kosten door herplanning van uitvoeringswerkzaamheden. | H63: Voorstel | I63: Onno Cavalini | J63: Liander | K63: Uitvoering | R63: =IFERROR(Tabel2[[#This Row],[Kans]]*SUM(Tabel2[[#This Row],[Tijd]:[Omgeving]]),0) -> 0 | S63: =IF(F$2<KWANTIFICEERTABELLEN!B$17,_xlfn.XLOOKUP(Tabel2[[#This Row],[Kans]],KWANTIFICEERTABELLEN!$B$6:$B$13,KWANTIFICEERTABELLEN!I$6:I$13,), IF(AND(F$2>KWANTIFICEERTABELLEN!B$17,$F$2<KWANTIFICEERTABELLEN!B$30),_xlfn.XLOOKUP(Tabel2[[#This Row],[Kans]],KWANTIFICEERTABELLEN!$B$19:$B$26,KWANTIFICEERTABELLEN!I$19:I$26), IF(F$2>KWANTIFICEERTABELLEN!B$30,_xlfn.XLOOKUP(Tabel2[[#This Row],[Kans]],KWANTIFICEERTABELLEN!$B$32:$B$39,KWANTIFICEERTABELLEN!I$32:I$39)))) -> #N/A | V63: 1. Tijdig reserveren van een gecertificeerde WV'er met 3kV-kennis in de projectplanning; 2. Achtervang of vervanger regelen voor de geplande WV'er; 3. Warmwerkplannen zo vroeg mogelijk laten opstellen om tijdsdruk te voorkomen. | Z63: 3 | AA63: 4 | AB63: 3 | AC63: 4 | AD63: 5 | AE63: 1 | AF63: =IFERROR(Tabel2[[#This Row],[Kans ]]*SUM(Tabel2[[#This Row],[Tijd ]:[Omgeving ]]),0) -> 51 | AG63: =IF(F$2<KWANTIFICEERTABELLEN!B$17,_xlfn.XLOOKUP(Tabel2[[#This Row],[Kans ]],KWANTIFICEERTABELLEN!$B$6:$B$13,KWANTIFICEERTABELLEN!I$6:I$13,), IF(AND(F$2>KWANTIFICEERTABELLEN!B$17,$F$2<KWANTIFICEERTABELLEN!B$30),_xlfn.XLOOKUP(Tabel2[[#This Row],[Kans ]],KWANTIFICEERTABELLEN!$B$19:$B$26,KWANTIFICEERTABELLEN!I$19:I$26), IF(F$2>KWANTIFICEERTABELLEN!B$30,_xlfn.XLOOKUP(Tabel2[[#This Row],[Kans ]],KWANTIFICEERTABELLEN!$B$32:$B$39,KWANTIFICEERTABELLEN!I$32:I$39)))) -> 0.2 | AH63: =IF(F$2<KWANTIFICEERTABELLEN!B$17,_xlfn.XLOOKUP(Tabel2[[#This Row],[Geld ]],KWANTIFICEERTABELLEN!$B$6:$B$13,KWANTIFICEERTABELLEN!J$6:J$13,), IF(AND(F$2>KWANTIFICEERTABELLEN!B$17,$F$2<KWANTIFICEERTABELLEN!B$30),_xlfn.XLOOKUP(Tabel2[[#This Row],[Geld ]],KWANTIFICEERTABELLEN!$B$19:$B$26,KWANTIFICEERTABELLEN!J$19:J$26), IF(F$2>KWANTIFICEERTABELLEN!B$30,_xlfn.XLOOKUP(Tabel2[[#This Row],[Geld ]],KWANTIFICEERTABELLEN!$B$32:$B$39,KWANTIFICEERTABELLEN!J$32:J$39)))) -> 17500 | AI63: =IFERROR(Tabel2[[#This Row],[Kans ]]*Tabel2[[#This Row],[Rekenwaarde kosten]],0) -> 3500 | AJ63: =IF(F$2<KWANTIFICEERTABELLEN!B$4,VLOOKUP(Tabel2[[#This Row],[Tijd ]],KWANTIFICEERTABELLEN!$B$6:$D$13,3,FALSE()), IF(AND(F$2>KWANTIFICEERTABELLEN!B$4,$F$2<KWANTIFICEERTABELLEN!B$30),VLOOKUP(Tabel2[[#This Row],[Tijd ]],KWANTIFICEERTABELLEN!$B$19:$D$26,3,FALSE()), IF(F$2>KWANTIFICEERTABELLEN!B$30,VLOOKUP(Tabel2[[#This Row],[Tijd ]],KWANTIFICEERTABELLEN!$B$32:$D$39,3,FALSE()),))) -> 2 - 4 weken
B64: 86 | C64: DP1 (Hoofdtracé) | D64: OOO's aangetroffen tijdens de uitvoering | E64: 1. Onvoldoende of ontbrekend vooronderzoek OOO in de voorbereidingsfase; 2. Historisch verdacht gebied (voormalige frontlijn, schijnvliegveld) waarvan de informatie niet is vertaald naar de uitvoering; 3. Graaf- of boorwerkzaamheden buiten het geanalyseerde profiel (dieper of breder dan onderzocht). | F64: 1. Directe veiligheidsrisico's voor personeel en omgeving bij het aantreffen van OOO's; 2. Onmiddellijke stillegging van werkzaamheden met aanzienlijke projectvertraging; 3. Extra kosten door specialistisch onderzoek, ruiming en herplanning. | H64: Voorstel | I64: Onno Cavalini | J64: Liander | K64: Uitvoering | R64: =IFERROR(Tabel2[[#This Row],[Kans]]*SUM(Tabel2[[#This Row],[Tijd]:[Omgeving]]),0) -> 0 | S64: =IF(F$2<KWANTIFICEERTABELLEN!B$17,_xlfn.XLOOKUP(Tabel2[[#This Row],[Kans]],KWANTIFICEERTABELLEN!$B$6:$B$13,KWANTIFICEERTABELLEN!I$6:I$13,), IF(AND(F$2>KWANTIFICEERTABELLEN!B$17,$F$2<KWANTIFICEERTABELLEN!B$30),_xlfn.XLOOKUP(Tabel2[[#This Row],[Kans]],KWANTIFICEERTABELLEN!$B$19:$B$26,KWANTIFICEERTABELLEN!I$19:I$26), IF(F$2>KWANTIFICEERTABELLEN!B$30,_xlfn.XLOOKUP(Tabel2[[#This Row],[Kans]],KWANTIFICEERTABELLEN!$B$32:$B$39,KWANTIFICEERTABELLEN!I$32:I$39)))) -> #N/A | V64: 1. OOO-vooronderzoek uitvoeren en vastleggen conform geldende richtlijnen, afgestemd op het werkgebied; 2. Risicogebieden expliciet benoemen in werkplannen en V&G-plan; 3. Instructie voor uitvoerend personeel over herkenning en meldprocedure bij aantreffen van OOO's. | Z64: 3 | AA64: 4 | AB64: 4 | AC64: 3 | AD64: 4 | AE64: 2 | AF64: =IFERROR(Tabel2[[#This Row],[Kans ]]*SUM(Tabel2[[#This Row],[Tijd ]:[Omgeving ]]),0) -> 51 | AG64: =IF(F$2<KWANTIFICEERTABELLEN!B$17,_xlfn.XLOOKUP(Tabel2[[#This Row],[Kans ]],KWANTIFICEERTABELLEN!$B$6:$B$13,KWANTIFICEERTABELLEN!I$6:I$13,), IF(AND(F$2>KWANTIFICEERTABELLEN!B$17,$F$2<KWANTIFICEERTABELLEN!B$30),_xlfn.XLOOKUP(Tabel2[[#This Row],[Kans ]],KWANTIFICEERTABELLEN!$B$19:$B$26,KWANTIFICEERTABELLEN!I$19:I$26), IF(F$2>KWANTIFICEERTABELLEN!B$30,_xlfn.XLOOKUP(Tabel2[[#This Row],[Kans ]],KWANTIFICEERTABELLEN!$B$32:$B$39,KWANTIFICEERTABELLEN!I$32:I$39)))) -> 0.2 | AH64: =IF(F$2<KWANTIFICEERTABELLEN!B$17,_xlfn.XLOOKUP(Tabel2[[#This Row],[Geld ]],KWANTIFICEERTABELLEN!$B$6:$B$13,KWANTIFICEERTABELLEN!J$6:J$13,), IF(AND(F$2>KWANTIFICEERTABELLEN!B$17,$F$2<KWANTIFICEERTABELLEN!B$30),_xlfn.XLOOKUP(Tabel2[[#This Row],[Geld ]],KWANTIFICEERTABELLEN!$B$19:$B$26,KWANTIFICEERTABELLEN!J$19:J$26), IF(F$2>KWANTIFICEERTABELLEN!B$30,_xlfn.XLOOKUP(Tabel2[[#This Row],[Geld ]],KWANTIFICEERTABELLEN!$B$32:$B$39,KWANTIFICEERTABELLEN!J$32:J$39)))) -> 37500 | AI64: =IFERROR(Tabel2[[#This Row],[Kans ]]*Tabel2[[#This Row],[Rekenwaarde kosten]],0) -> 7500 | AJ64: =IF(F$2<KWANTIFICEERTABELLEN!B$4,VLOOKUP(Tabel2[[#This Row],[Tijd ]],KWANTIFICEERTABELLEN!$B$6:$D$13,3,FALSE()), IF(AND(F$2>KWANTIFICEERTABELLEN!B$4,$F$2<KWANTIFICEERTABELLEN!B$30),VLOOKUP(Tabel2[[#This Row],[Tijd ]],KWANTIFICEERTABELLEN!$B$19:$D$26,3,FALSE()), IF(F$2>KWANTIFICEERTABELLEN!B$30,VLOOKUP(Tabel2[[#This Row],[Tijd ]],KWANTIFICEERTABELLEN!$B$32:$D$39,3,FALSE()),))) -> 2 - 4 weken
B65: 54 | D65: Gedoogprocedures duren langer dan vooraf geschatte termijn | E65: 1. Langzame of complexe besluitvorming bij perceeleigenaren door juridische, financiële of interne bezwaren; 2. Onvolledige of onduidelijke dossiervorming bij het indienen van de gedoogaanvraag; 3. Onvoldoende afstemming met de planning over realistische doorlooptijden voor gedoogprocedures. | F65: 1. Vertraging van werkzaamheden doordat percelen niet tijdig beschikbaar zijn; 2. Aanpassing of herschikking van de uitvoeringsplanning, met inefficiënte inzet van personeel en materieel; 3. Extra kosten en druk op de projectdoelstellingen. | H65: Vervallen | I65: Isabel Gheza | J65: Liander | K65: Bouwteam | R65: =IFERROR(Tabel2[[#This Row],[Kans]]*SUM(Tabel2[[#This Row],[Tijd]:[Omgeving]]),0) -> 0 | V65: 1. Realistische doorlooptijden voor gedoogprocedures opnemen in de planning, inclusief buffer; 2. Gedoogdossiers zo compleet en tijdig mogelijk indienen om vertraging in de procedure te beperken; 3. Alternatieve uitvoeringsvolgorde voorbereiden zodat percelen zonder gedoogprocedure eerder worden uitgevoerd. | Z65: 3 | AA65: 4 | AB65: 3 | AC65: 1 | AD65: 0 | AE65: 2 | AF65: =IFERROR(Tabel2[[#This Row],[Kans ]]*SUM(Tabel2[[#This Row],[Tijd ]:[Omgeving ]]),0) -> 30 | AG65: =VLOOKUP(Tabel2[[#This Row],[Kans ]],KWANTIFICEERTABELLEN!$B$19:$J$26,8,FALSE()) -> 0.2 | AH65: =IF(F$2<KWANTIFICEERTABELLEN!B$4,VLOOKUP(Tabel2[[#This Row],[Geld ]],KWANTIFICEERTABELLEN!$B$6:$J$13,9,FALSE()), IF(AND(F$2>KWANTIFICEERTABELLEN!B$4,$F$2<KWANTIFICEERTABELLEN!B$30),VLOOKUP(Tabel2[[#This Row],[Geld ]],KWANTIFICEERTABELLEN!$B$19:$J$26,9,FALSE()), IF(F$2>KWANTIFICEERTABELLEN!B$30,VLOOKUP(Tabel2[[#This Row],[Geld ]],KWANTIFICEERTABELLEN!$B$32:$J$39,9,FALSE()),))) -> 17500 | AI65: =IFERROR(Tabel2[[#This Row],[Kans ]]*Tabel2[[#This Row],[Rekenwaarde kosten]],0) -> 3500 | AJ65: =IF(F$2<KWANTIFICEERTABELLEN!B$4,VLOOKUP(Tabel2[[#This Row],[Tijd ]],KWANTIFICEERTABELLEN!$B$6:$D$13,3,FALSE()), IF(AND(F$2>KWANTIFICEERTABELLEN!B$4,$F$2<KWANTIFICEERTABELLEN!B$30),VLOOKUP(Tabel2[[#This Row],[Tijd ]],KWANTIFICEERTABELLEN!$B$19:$D$26,3,FALSE()), IF(F$2>KWANTIFICEERTABELLEN!B$30,VLOOKUP(Tabel2[[#This Row],[Tijd ]],KWANTIFICEERTABELLEN!$B$32:$D$39,3,FALSE()),))) -> 2 - 4 weken
B66: 55 | D66: Bevoegd gezag doet langer over beoordelingstermijn | E66: 1. Onvoldoende capaciteit bij het bevoegde gezag voor tijdige beoordeling van de aanvraag; 2. Vergunningsaanvraag onvolledig, waardoor aanvullende informatie moet worden opgevraagd; 3. Bevoegd gezag maakt gebruik van de wettelijke mogelijkheid voor een aanvullende beslistermijn. | F66: 1. De start van de uitvoering loopt vertraging op door het uitblijven van de vergunning; 2. IBN datum verschuift, met extra stand-bykosten; 3. Herplanning van personeel en materieel is noodzakelijk. | G66: Afgetikt bij MSR (Schelpenbolweg 11 en 15) | H66: Vervallen | I66: Isabel Gheza | J66: Liander | K66: Bouwteam | L66: 3 | M66: 7 | N66: 2 | O66: 0 | P66: 0 | Q66: 0 | R66: =IFERROR(Tabel2[[#This Row],[Kans]]*SUM(Tabel2[[#This Row],[Tijd]:[Omgeving]]),0) -> 27 | V66: 1. Warm contact houden met bevoegd gezag | Z66: 3 | AA66: 7 | AB66: 2 | AC66: 0 | AD66: 0 | AE66: 0 | AF66: =IFERROR(Tabel2[[#This Row],[Kans ]]*SUM(Tabel2[[#This Row],[Tijd ]:[Omgeving ]]),0) -> 27 | AG66: =VLOOKUP(Tabel2[[#This Row],[Kans ]],KWANTIFICEERTABELLEN!$B$19:$J$26,8,FALSE()) -> 0.2 | AH66: =IF(F$2<KWANTIFICEERTABELLEN!B$4,VLOOKUP(Tabel2[[#This Row],[Geld ]],KWANTIFICEERTABELLEN!$B$6:$J$13,9,FALSE()), IF(AND(F$2>KWANTIFICEERTABELLEN!B$4,$F$2<KWANTIFICEERTABELLEN!B$30),VLOOKUP(Tabel2[[#This Row],[Geld ]],KWANTIFICEERTABELLEN!$B$19:$J$26,9,FALSE()), IF(F$2>KWANTIFICEERTABELLEN!B$30,VLOOKUP(Tabel2[[#This Row],[Geld ]],KWANTIFICEERTABELLEN!$B$32:$J$39,9,FALSE()),))) -> 7500 | AI66: =IFERROR(Tabel2[[#This Row],[Kans ]]*Tabel2[[#This Row],[Rekenwaarde kosten]],0) -> 1500 | AJ66: =IF(F$2<KWANTIFICEERTABELLEN!B$4,VLOOKUP(Tabel2[[#This Row],[Tijd ]],KWANTIFICEERTABELLEN!$B$6:$D$13,3,FALSE()), IF(AND(F$2>KWANTIFICEERTABELLEN!B$4,$F$2<KWANTIFICEERTABELLEN!B$30),VLOOKUP(Tabel2[[#This Row],[Tijd ]],KWANTIFICEERTABELLEN!$B$19:$D$26,3,FALSE()), IF(F$2>KWANTIFICEERTABELLEN!B$30,VLOOKUP(Tabel2[[#This Row],[Tijd ]],KWANTIFICEERTABELLEN!$B$32:$D$39,3,FALSE()),))) -> > 2 maanden
B67: 71 | C67: DP1 (Hoofdtracé) | D67: Blow-out tijdens boringen | E67: 1. Onvoldoende inzicht in de bodemopbouw en grondwaterdruk (verkeerde aannames in het boorprofiel); 2. Te hoge boorvloeistofdruk of onvoldoende drukbeheersing tijdens het boren; 3. Afwijkingen van het boorplan door obstakels of stuurfouten. | F67: 1. Uittreding van boorvloeistof aan maaiveld of watergang met milieuschade; 2. Stillegging van de boring en projectvertraging voor onderzoek en herstel; 3. Schade aan omgeving of infrastructuur en mogelijke claims. | H67: Voorstel | I67: Onno Cavalini | J67: A.Hak | K67: Uitvoering | R67: =IFERROR(Tabel2[[#This Row],[Kans]]*SUM(Tabel2[[#This Row],[Tijd]:[Omgeving]]),0) -> 0 | S67: =IF(F$2<KWANTIFICEERTABELLEN!B$17,_xlfn.XLOOKUP(Tabel2[[#This Row],[Kans]],KWANTIFICEERTABELLEN!$B$6:$B$13,KWANTIFICEERTABELLEN!I$6:I$13,), IF(AND(F$2>KWANTIFICEERTABELLEN!B$17,$F$2<KWANTIFICEERTABELLEN!B$30),_xlfn.XLOOKUP(Tabel2[[#This Row],[Kans]],KWANTIFICEERTABELLEN!$B$19:$B$26,KWANTIFICEERTABELLEN!I$19:I$26), IF(F$2>KWANTIFICEERTABELLEN!B$30,_xlfn.XLOOKUP(Tabel2[[#This Row],[Kans]],KWANTIFICEERTABELLEN!$B$32:$B$39,KWANTIFICEERTABELLEN!I$32:I$39)))) -> #N/A | V67: 1. Gedegen bodem- en grondwateronderzoek en een getoetst boorplan met veiligheidsmarges; 2. Continue monitoring en beheersing van de boorvloeistofdruk tijdens de boring; 3. Inzet van ervaren en gecertificeerd HDD-personeel met duidelijke werkprocedures. | Z67: 2 | AA67: 5 | AB67: 5 | AC67: 4 | AD67: 5 | AE67: 4 | AF67: =IFERROR(Tabel2[[#This Row],[Kans ]]*SUM(Tabel2[[#This Row],[Tijd ]:[Omgeving ]]),0) -> 46 | AG67: =IF(F$2<KWANTIFICEERTABELLEN!B$17,_xlfn.XLOOKUP(Tabel2[[#This Row],[Kans ]],KWANTIFICEERTABELLEN!$B$6:$B$13,KWANTIFICEERTABELLEN!I$6:I$13,), IF(AND(F$2>KWANTIFICEERTABELLEN!B$17,$F$2<KWANTIFICEERTABELLEN!B$30),_xlfn.XLOOKUP(Tabel2[[#This Row],[Kans ]],KWANTIFICEERTABELLEN!$B$19:$B$26,KWANTIFICEERTABELLEN!I$19:I$26), IF(F$2>KWANTIFICEERTABELLEN!B$30,_xlfn.XLOOKUP(Tabel2[[#This Row],[Kans ]],KWANTIFICEERTABELLEN!$B$32:$B$39,KWANTIFICEERTABELLEN!I$32:I$39)))) -> 0.1 | AH67: =IF(F$2<KWANTIFICEERTABELLEN!B$17,_xlfn.XLOOKUP(Tabel2[[#This Row],[Geld ]],KWANTIFICEERTABELLEN!$B$6:$B$13,KWANTIFICEERTABELLEN!J$6:J$13,), IF(AND(F$2>KWANTIFICEERTABELLEN!B$17,$F$2<KWANTIFICEERTABELLEN!B$30),_xlfn.XLOOKUP(Tabel2[[#This Row],[Geld ]],KWANTIFICEERTABELLEN!$B$19:$B$26,KWANTIFICEERTABELLEN!J$19:J$26), IF(F$2>KWANTIFICEERTABELLEN!B$30,_xlfn.XLOOKUP(Tabel2[[#This Row],[Geld ]],KWANTIFICEERTABELLEN!$B$32:$B$39,KWANTIFICEERTABELLEN!J$32:J$39)))) -> 67500 | AI67: =IFERROR(Tabel2[[#This Row],[Kans ]]*Tabel2[[#This Row],[Rekenwaarde kosten]],0) -> 6750 | AJ67: =IF(F$2<KWANTIFICEERTABELLEN!B$4,VLOOKUP(Tabel2[[#This Row],[Tijd ]],KWANTIFICEERTABELLEN!$B$6:$D$13,3,FALSE()), IF(AND(F$2>KWANTIFICEERTABELLEN!B$4,$F$2<KWANTIFICEERTABELLEN!B$30),VLOOKUP(Tabel2[[#This Row],[Tijd ]],KWANTIFICEERTABELLEN!$B$19:$D$26,3,FALSE()), IF(F$2>KWANTIFICEERTABELLEN!B$30,VLOOKUP(Tabel2[[#This Row],[Tijd ]],KWANTIFICEERTABELLEN!$B$32:$D$39,3,FALSE()),))) -> 4 - 6 weken
B68: 79 | C68: Beiden | D68: Uitbraak bij gestuurde boringen | E68: 1. Onvoldoende inzicht in bodemopbouw en grondwaterdruk door tekortschietend vooronderzoek; 2. Te hoge boorvloeistofdruk of onvoldoende beheersing van de boorvloeistof tijdens het boren; 3. Afwijkingen van het boorplan door onverwachte obstakels of stuurfouten. | F68: 1. Uittreding van boorvloeistof aan het maaiveld of in een watergang, met milieuschade; 2. Stillegging van de boring en vertraging voor onderzoek, herstel en herstart; 3. Schade aan omgeving of infrastructuur, claims en reputatieschade. | H68: Voorstel | I68: Onno Cavalini | J68: A.Hak | K68: Uitvoering | R68: =IFERROR(Tabel2[[#This Row],[Kans]]*SUM(Tabel2[[#This Row],[Tijd]:[Omgeving]]),0) -> 0 | S68: =IF(F$2<KWANTIFICEERTABELLEN!B$17,_xlfn.XLOOKUP(Tabel2[[#This Row],[Kans]],KWANTIFICEERTABELLEN!$B$6:$B$13,KWANTIFICEERTABELLEN!I$6:I$13,), IF(AND(F$2>KWANTIFICEERTABELLEN!B$17,$F$2<KWANTIFICEERTABELLEN!B$30),_xlfn.XLOOKUP(Tabel2[[#This Row],[Kans]],KWANTIFICEERTABELLEN!$B$19:$B$26,KWANTIFICEERTABELLEN!I$19:I$26), IF(F$2>KWANTIFICEERTABELLEN!B$30,_xlfn.XLOOKUP(Tabel2[[#This Row],[Kans]],KWANTIFICEERTABELLEN!$B$32:$B$39,KWANTIFICEERTABELLEN!I$32:I$39)))) -> #N/A | V68: 1. Gedegen bodem- en grondwateronderzoek en een getoetst boorplan met veiligheidsmarges; 2. Continue monitoring en beheersing van de boorvloeistofdruk tijdens de boring; 3. Inzet van ervaren en gecertificeerd HDD-personeel met duidelijke werkprocedures. | Z68: 2 | AA68: 5 | AB68: 5 | AC68: 4 | AD68: 5 | AE68: 4 | AF68: =IFERROR(Tabel2[[#This Row],[Kans ]]*SUM(Tabel2[[#This Row],[Tijd ]:[Omgeving ]]),0) -> 46 | AG68: =IF(F$2<KWANTIFICEERTABELLEN!B$17,_xlfn.XLOOKUP(Tabel2[[#This Row],[Kans ]],KWANTIFICEERTABELLEN!$B$6:$B$13,KWANTIFICEERTABELLEN!I$6:I$13,), IF(AND(F$2>KWANTIFICEERTABELLEN!B$17,$F$2<KWANTIFICEERTABELLEN!B$30),_xlfn.XLOOKUP(Tabel2[[#This Row],[Kans ]],KWANTIFICEERTABELLEN!$B$19:$B$26,KWANTIFICEERTABELLEN!I$19:I$26), IF(F$2>KWANTIFICEERTABELLEN!B$30,_xlfn.XLOOKUP(Tabel2[[#This Row],[Kans ]],KWANTIFICEERTABELLEN!$B$32:$B$39,KWANTIFICEERTABELLEN!I$32:I$39)))) -> 0.1 | AH68: =IF(F$2<KWANTIFICEERTABELLEN!B$17,_xlfn.XLOOKUP(Tabel2[[#This Row],[Geld ]],KWANTIFICEERTABELLEN!$B$6:$B$13,KWANTIFICEERTABELLEN!J$6:J$13,), IF(AND(F$2>KWANTIFICEERTABELLEN!B$17,$F$2<KWANTIFICEERTABELLEN!B$30),_xlfn.XLOOKUP(Tabel2[[#This Row],[Geld ]],KWANTIFICEERTABELLEN!$B$19:$B$26,KWANTIFICEERTABELLEN!J$19:J$26), IF(F$2>KWANTIFICEERTABELLEN!B$30,_xlfn.XLOOKUP(Tabel2[[#This Row],[Geld ]],KWANTIFICEERTABELLEN!$B$32:$B$39,KWANTIFICEERTABELLEN!J$32:J$39)))) -> 67500 | AI68: =IFERROR(Tabel2[[#This Row],[Kans ]]*Tabel2[[#This Row],[Rekenwaarde kosten]],0) -> 6750 | AJ68: =IF(F$2<KWANTIFICEERTABELLEN!B$4,VLOOKUP(Tabel2[[#This Row],[Tijd ]],KWANTIFICEERTABELLEN!$B$6:$D$13,3,FALSE()), IF(AND(F$2>KWANTIFICEERTABELLEN!B$4,$F$2<KWANTIFICEERTABELLEN!B$30),VLOOKUP(Tabel2[[#This Row],[Tijd ]],KWANTIFICEERTABELLEN!$B$19:$D$26,3,FALSE()), IF(F$2>KWANTIFICEERTABELLEN!B$30,VLOOKUP(Tabel2[[#This Row],[Tijd ]],KWANTIFICEERTABELLEN!$B$32:$D$39,3,FALSE()),))) -> 4 - 6 weken
B69: 96 | C69: Beiden | D69: Vergunningseisen zijn onbekend bij de uitvoerende partij | E69: 1. Vergunningen en bijbehorende voorwaarden niet expliciet gecommuniceerd vanuit projectmanagement; 2. Vergunningen pas laat verkregen of gewijzigd zonder doorvertaling naar uitvoering; 3. Onduidelijkheid over wie verantwoordelijk is voor het borgen van vergunningseisen; 4. Uitvoerende partij onvoldoende betrokken in voorbereidingsfase. | F69: 1. Uitvoeren van werkzaamheden in strijd met vergunningvoorwaarden; 2. Stillegging van het werk door bevoegd gezag (gemeente, omgevingsdienst); 3. Boetes, dwangsommen of intrekken van vergunning; 4. Vertraging en extra kosten. | G69: Overgenomen uit risicodossier Zuiderdijkweg | H69: Voorstel | I69: Onno Cavalini | J69: A.Hak | K69: Uitvoering | R69: =IFERROR(Tabel2[[#This Row],[Kans]]*SUM(Tabel2[[#This Row],[Tijd]:[Omgeving]]),0) -> 0 | S69: =IF(F$2<KWANTIFICEERTABELLEN!B$17,_xlfn.XLOOKUP(Tabel2[[#This Row],[Kans]],KWANTIFICEERTABELLEN!$B$6:$B$13,KWANTIFICEERTABELLEN!I$6:I$13,),IF(AND(F$2>KWANTIFICEERTABELLEN!B$17,$F$2<KWANTIFICEERTABELLEN!B$30),_xlfn.XLOOKUP(Tabel2[[#This Row],[Kans]],KWANTIFICEERTABELLEN!$B$19:$B$26,KWANTIFICEERTABELLEN!I$19:I$26),IF(F$2>KWANTIFICEERTABELLEN!B$30,_xlfn.XLOOKUP(Tabel2[[#This Row],[Kans]],KWANTIFICEERTABELLEN!$B$32:$B$39,KWANTIFICEERTABELLEN!I$32:I$39)))) -> #N/A | U69: =IFERROR(Tabel2[[#This Row],[Kans ]]*Tabel2[[#This Row],[Geld ]],0) -> 0 | V69: 1. Vergunningen en voorwaarden structureel bespreken in de werkvoorbereiding; 2. Opstellen van een vergunningenoverzicht met kernvoorwaarden per werkzaamheid; 3. Benoemen van één verantwoordelijke voor vergunningmanagement binnen het project; 4. Vergunningseisen opnemen in uitvoeringsplannen, V&G-plan en werkplannen. | Z69: 3 | AA69: 3 | AB69: 3 | AC69: 3 | AD69: 3 | AE69: 3 | AF69: =IFERROR(Tabel2[[#This Row],[Kans ]]*SUM(Tabel2[[#This Row],[Tijd ]:[Omgeving ]]),0) -> 45 | AG69: =IF(F$2<KWANTIFICEERTABELLEN!B$17,_xlfn.XLOOKUP(Tabel2[[#This Row],[Kans ]],KWANTIFICEERTABELLEN!$B$6:$B$13,KWANTIFICEERTABELLEN!I$6:I$13,),IF(AND(F$2>KWANTIFICEERTABELLEN!B$17,$F$2<KWANTIFICEERTABELLEN!B$30),_xlfn.XLOOKUP(Tabel2[[#This Row],[Kans ]],KWANTIFICEERTABELLEN!$B$19:$B$26,KWANTIFICEERTABELLEN!I$19:I$26),IF(F$2>KWANTIFICEERTABELLEN!B$30,_xlfn.XLOOKUP(Tabel2[[#This Row],[Kans ]],KWANTIFICEERTABELLEN!$B$32:$B$39,KWANTIFICEERTABELLEN!I$32:I$39)))) -> 0.2 | AH69: =IF(F$2<KWANTIFICEERTABELLEN!B$17,_xlfn.XLOOKUP(Tabel2[[#This Row],[Geld ]],KWANTIFICEERTABELLEN!$B$6:$B$13,KWANTIFICEERTABELLEN!J$6:J$13,),IF(AND(F$2>KWANTIFICEERTABELLEN!B$17,$F$2<KWANTIFICEERTABELLEN!B$30),_xlfn.XLOOKUP(Tabel2[[#This Row],[Geld ]],KWANTIFICEERTABELLEN!$B$19:$B$26,KWANTIFICEERTABELLEN!J$19:J$26),IF(F$2>KWANTIFICEERTABELLEN!B$30,_xlfn.XLOOKUP(Tabel2[[#This Row],[Geld ]],KWANTIFICEERTABELLEN!$B$32:$B$39,KWANTIFICEERTABELLEN!J$32:J$39)))) -> 17500 | AI69: =IFERROR(Tabel2[[#This Row],[Kans ]]*Tabel2[[#This Row],[Rekenwaarde kosten]],0) -> 3500 | AJ69: =IF(F$2<KWANTIFICEERTABELLEN!B$4,VLOOKUP(Tabel2[[#This Row],[Tijd ]],KWANTIFICEERTABELLEN!$B$6:$D$13,3,FALSE()),IF(AND(F$2>KWANTIFICEERTABELLEN!B$4,$F$2<KWANTIFICEERTABELLEN!B$30),VLOOKUP(Tabel2[[#This Row],[Tijd ]],KWANTIFICEERTABELLEN!$B$19:$D$26,3,FALSE()),IF(F$2>KWANTIFICEERTABELLEN!B$30,VLOOKUP(Tabel2[[#This Row],[Tijd ]],KWANTIFICEERTABELLEN!$B$32:$D$39,3,FALSE()),))) -> 1 - 2 weken
B70: 8 | C70: DP1 (Hoofdtracé) | D70: Er moeten mitigerende maatregelen worden genomen voor zoutkwel bij boring | E70: 1. Hoge grondwaterdruk met zoutwaterindringing in de bodem rondom de boorlocatie; 2. Onvoldoende inzicht in de bodemgesteldheid en het grondwaterrisico voorafgaand aan de boring; 3. Onvoldoende geotechnisch vooronderzoek naar het zoutkwelrisico op de specifieke boorlocatie. | F70: 1. Aanvullende maatregelen zijn nodig die niet zijn voorzien in de planning en raming; 2. Vertraging in de boring doordat maatregelen eerst moeten worden uitgewerkt en aanbesteed; 3. Extra kosten voor geotechnisch onderzoek, mitigerende maatregelen en mogelijk herstelwerk. | H70: Beheerst | I70: Onno Cavalini | J70: A.Hak | K70: Uitvoering | R70: =IFERROR(Tabel2[[#This Row],[Kans]]*SUM(Tabel2[[#This Row],[Tijd]:[Omgeving]]),0) -> 0 | V70: 1. Onderzoek naar welke maatregelen er mogelijk moeten worden genomen. Geotechnisch onderzoek is uitgezet. 2. CAR Toetsen of deze van toepassing is voor schadeclaim van de boer. 3. In contact het HAK engineering / Movares voor de status van het zoutkwel bij de boring | W70: 1. Isabel Gheza 2. Johan van Dronkelaar 3. Thijs Baauw | X70: 1.Gereed 2. Gereed 3. Gereed | Z70: 3 | AA70: 4 | AB70: 4 | AC70: 2 | AD70: 2 | AE70: 2 | AF70: =IFERROR(Tabel2[[#This Row],[Kans ]]*SUM(Tabel2[[#This Row],[Tijd ]:[Omgeving ]]),0) -> 42 | AG70: =VLOOKUP(Tabel2[[#This Row],[Kans ]],KWANTIFICEERTABELLEN!$B$19:$J$26,8,FALSE()) -> 0.2 | AH70: =IF(F$2<KWANTIFICEERTABELLEN!B$4,VLOOKUP(Tabel2[[#This Row],[Geld ]],KWANTIFICEERTABELLEN!$B$6:$J$13,9,FALSE()), IF(AND(F$2>KWANTIFICEERTABELLEN!B$4,$F$2<KWANTIFICEERTABELLEN!B$30),VLOOKUP(Tabel2[[#This Row],[Geld ]],KWANTIFICEERTABELLEN!$B$19:$J$26,9,FALSE()), IF(F$2>KWANTIFICEERTABELLEN!B$30,VLOOKUP(Tabel2[[#This Row],[Geld ]],KWANTIFICEERTABELLEN!$B$32:$J$39,9,FALSE()),))) -> 37500 | AI70: =IFERROR(Tabel2[[#This Row],[Kans ]]*Tabel2[[#This Row],[Rekenwaarde kosten]],0) -> 7500 | AJ70: =IF(F$2<KWANTIFICEERTABELLEN!B$4,VLOOKUP(Tabel2[[#This Row],[Tijd ]],KWANTIFICEERTABELLEN!$B$6:$D$13,3,FALSE()), IF(AND(F$2>KWANTIFICEERTABELLEN!B$4,$F$2<KWANTIFICEERTABELLEN!B$30),VLOOKUP(Tabel2[[#This Row],[Tijd ]],KWANTIFICEERTABELLEN!$B$19:$D$26,3,FALSE()), IF(F$2>KWANTIFICEERTABELLEN!B$30,VLOOKUP(Tabel2[[#This Row],[Tijd ]],KWANTIFICEERTABELLEN!$B$32:$D$39,3,FALSE()),))) -> 2 - 4 weken
B71: 59 | C71: Beiden | D71: Er zijn aanvullende eisen vanuit Liander / derden | E71: 1. Liander of andere stakeholders stellen aanvullende technische of procesmatige eisen die niet waren voorzien; 2. Wijzigingen in wet- en regelgeving of intern beleid leiden tot extra indieningsvereisten; 3. Projecteisen van derden (gemeente, waterschap) worden pas laat in het project duidelijk. | F71: 1. Herengineering of aanvullende documentatie is noodzakelijk, met extra kosten; 2. Vertraging in de voorbereidings- of uitvoeringsfase; 3. Scopecreep met impact op planning en raming. | H71: Beheerst | I71: Johan van Dronkelaar | J71: Liander | K71: Bouwteam | L71: 5 | M71: 4 | N71: 4 | O71: 3 | Q71: 1 | R71: =IFERROR(Tabel2[[#This Row],[Kans]]*SUM(Tabel2[[#This Row],[Tijd]:[Omgeving]]),0) -> 60 | V71: 1. Vroegtijdig alle stakeholderseisen inventariseren en vastleggen; 2. Wijzigingen in eisen via een formeel scopewijzigingsproces laten lopen; 3. Regelmatig overleg met Liander en derden om voortschrijdend inzicht tijdig te identificeren. | X71: 1. Gereed 2. Loopt 3. Loopt | Z71: 3 | AA71: 4 | AB71: 3 | AC71: 4 | AD71: 0 | AE71: 3 | AF71: =IFERROR(Tabel2[[#This Row],[Kans ]]*SUM(Tabel2[[#This Row],[Tijd ]:[Omgeving ]]),0) -> 42 | AG71: =VLOOKUP(Tabel2[[#This Row],[Kans ]],KWANTIFICEERTABELLEN!$B$19:$J$26,8,FALSE()) -> 0.2 | AH71: =IF(F$2<KWANTIFICEERTABELLEN!B$4,VLOOKUP(Tabel2[[#This Row],[Geld ]],KWANTIFICEERTABELLEN!$B$6:$J$13,9,FALSE()), IF(AND(F$2>KWANTIFICEERTABELLEN!B$4,$F$2<KWANTIFICEERTABELLEN!B$30),VLOOKUP(Tabel2[[#This Row],[Geld ]],KWANTIFICEERTABELLEN!$B$19:$J$26,9,FALSE()), IF(F$2>KWANTIFICEERTABELLEN!B$30,VLOOKUP(Tabel2[[#This Row],[Geld ]],KWANTIFICEERTABELLEN!$B$32:$J$39,9,FALSE()),))) -> 17500 | AI71: =IFERROR(Tabel2[[#This Row],[Kans ]]*Tabel2[[#This Row],[Rekenwaarde kosten]],0) -> 3500 | AJ71: =IF(F$2<KWANTIFICEERTABELLEN!B$4,VLOOKUP(Tabel2[[#This Row],[Tijd ]],KWANTIFICEERTABELLEN!$B$6:$D$13,3,FALSE()), IF(AND(F$2>KWANTIFICEERTABELLEN!B$4,$F$2<KWANTIFICEERTABELLEN!B$30),VLOOKUP(Tabel2[[#This Row],[Tijd ]],KWANTIFICEERTABELLEN!$B$19:$D$26,3,FALSE()), IF(F$2>KWANTIFICEERTABELLEN!B$30,VLOOKUP(Tabel2[[#This Row],[Tijd ]],KWANTIFICEERTABELLEN!$B$32:$D$39,3,FALSE()),))) -> 2 - 4 weken
B72: 60 | D72: Er blijken aanvullende maatregelen voor ecologie benodigd | E72: 1. Aanwezigheid van beschermde soorten (rugstreeppad, broedvogels) die niet volledig waren geïdentificeerd in de quickscan; 2. Wijzigingen in planning of tracé resulteren in werkzaamheden in ecologisch gevoelige gebieden; 3. Bevoegd gezag of omgevingsdienst stelt aanvullende ecologische eisen bij de vergunning. | F72: 1. Aanvullende ecologische maatregelen zijn verplicht (ecologisch werkprotocol, ecoloog, paddenschermen), met extra kosten; 2. Werkzaamheden kunnen niet starten of moeten worden stilgelegd in ecologisch gevoelige periodes; 3. Vertraging in de uitvoering met risico op overschrijding van de IBN datum. | G72: Risico is specifiek voor beschermde diersoorten die onverwachts in de uitvoering tegen komen | H72: Vervallen | I72: Isabel Gheza | J72: Liander | K72: Bouwteam | L72: 5 | M72: 7 | N72: 5 | O72: 1 | P72: 0 | Q72: 4 | R72: =IFERROR(Tabel2[[#This Row],[Kans]]*SUM(Tabel2[[#This Row],[Tijd]:[Omgeving]]),0) -> 85 | V72: 2. EWP volgen | W72: 1. | X72: 1. Revisie is binnen. Dezelfde maatregelen. Met RSO doornemen | Z72: 1 | AA72: 7 | AB72: 7 | AC72: 1 | AD72: 0 | AE72: 2 | AF72: =IFERROR(Tabel2[[#This Row],[Kans ]]*SUM(Tabel2[[#This Row],[Tijd ]:[Omgeving ]]),0) -> 17 | AG72: =VLOOKUP(Tabel2[[#This Row],[Kans ]],KWANTIFICEERTABELLEN!$B$19:$J$26,8,FALSE()) -> 0.05 | AH72: =IF(F$2<KWANTIFICEERTABELLEN!B$4,VLOOKUP(Tabel2[[#This Row],[Geld ]],KWANTIFICEERTABELLEN!$B$6:$J$13,9,FALSE()), IF(AND(F$2>KWANTIFICEERTABELLEN!B$4,$F$2<KWANTIFICEERTABELLEN!B$30),VLOOKUP(Tabel2[[#This Row],[Geld ]],KWANTIFICEERTABELLEN!$B$19:$J$26,9,FALSE()), IF(F$2>KWANTIFICEERTABELLEN!B$30,VLOOKUP(Tabel2[[#This Row],[Geld ]],KWANTIFICEERTABELLEN!$B$32:$J$39,9,FALSE()),))) -> 100000 | AI72: =IFERROR(Tabel2[[#This Row],[Kans ]]*Tabel2[[#This Row],[Rekenwaarde kosten]],0) -> 5000 | AJ72: =IF(F$2<KWANTIFICEERTABELLEN!B$4,VLOOKUP(Tabel2[[#This Row],[Tijd ]],KWANTIFICEERTABELLEN!$B$6:$D$13,3,FALSE()), IF(AND(F$2>KWANTIFICEERTABELLEN!B$4,$F$2<KWANTIFICEERTABELLEN!B$30),VLOOKUP(Tabel2[[#This Row],[Tijd ]],KWANTIFICEERTABELLEN!$B$19:$D$26,3,FALSE()), IF(F$2>KWANTIFICEERTABELLEN!B$30,VLOOKUP(Tabel2[[#This Row],[Tijd ]],KWANTIFICEERTABELLEN!$B$32:$D$39,3,FALSE()),))) -> > 2 maanden
B73: 17 | C73: Beiden | D73: Er is niet tijdig een WV'er aangehaakt voor start uitvoering en behoudt tijdens uitvoering | E73: 1. Onvoldoende beschikbaarheid van gekwalificeerde werkverantwoordelijken met 3kV-kennis; 2. Beperkte capaciteit bij de kernorganisatie door meerdere gelijktijdige projecten; 3. Te late aanvraag of reservering van de WV'er in de projectplanning. | F73: 1. Warmwerkplannen en schakelplannen kunnen niet tijdig worden opgesteld; 2. Uitvoering moet worden uitgesteld, met vertraging van de IBN datum; 3. Risico op onveilige situaties bij uitvoering van 3kV werkzaamheden zonder gecertificeerd toezicht. | H73: Beheerst | I73: Johan van Dronkelaar | J73: A.Hak | K73: Uitvoering | R73: =IFERROR(Tabel2[[#This Row],[Kans]]*SUM(Tabel2[[#This Row],[Tijd]:[Omgeving]]),0) -> 0 | V73: 1. Benodigde urenstaat opstellen voor WV'er 2. Warme overdracht door WV'er eerder mee te nemen dan enkel voor het opstellen van de warm-werk en schakelplannen | W73: 1. Kernteam 2. Johan | X73: 1. Gereed 2. Loopt | Y73: 03-06-2026: Er is nu WV'er die meekijkt. Afspraak met Aldo voor WV'er voor 3kV deel. | Z73: 3 | AA73: 7 | AB73: 3 | AC73: 0 | AD73: 0 | AE73: 3 | AF73: =IFERROR(Tabel2[[#This Row],[Kans ]]*SUM(Tabel2[[#This Row],[Tijd ]:[Omgeving ]]),0) -> 39 | AG73: =VLOOKUP(Tabel2[[#This Row],[Kans ]],KWANTIFICEERTABELLEN!$B$19:$J$26,8,FALSE()) -> 0.2 | AH73: =IF(F$2<KWANTIFICEERTABELLEN!B$4,VLOOKUP(Tabel2[[#This Row],[Geld ]],KWANTIFICEERTABELLEN!$B$6:$J$13,9,FALSE()), IF(AND(F$2>KWANTIFICEERTABELLEN!B$4,$F$2<KWANTIFICEERTABELLEN!B$30),VLOOKUP(Tabel2[[#This Row],[Geld ]],KWANTIFICEERTABELLEN!$B$19:$J$26,9,FALSE()), IF(F$2>KWANTIFICEERTABELLEN!B$30,VLOOKUP(Tabel2[[#This Row],[Geld ]],KWANTIFICEERTABELLEN!$B$32:$J$39,9,FALSE()),))) -> 17500 | AI73: =IFERROR(Tabel2[[#This Row],[Kans ]]*Tabel2[[#This Row],[Rekenwaarde kosten]],0) -> 3500 | AJ73: =IF(F$2<KWANTIFICEERTABELLEN!B$4,VLOOKUP(Tabel2[[#This Row],[Tijd ]],KWANTIFICEERTABELLEN!$B$6:$D$13,3,FALSE()), IF(AND(F$2>KWANTIFICEERTABELLEN!B$4,$F$2<KWANTIFICEERTABELLEN!B$30),VLOOKUP(Tabel2[[#This Row],[Tijd ]],KWANTIFICEERTABELLEN!$B$19:$D$26,3,FALSE()), IF(F$2>KWANTIFICEERTABELLEN!B$30,VLOOKUP(Tabel2[[#This Row],[Tijd ]],KWANTIFICEERTABELLEN!$B$32:$D$39,3,FALSE()),))) -> > 2 maanden
B74: 95 | C74: DP1 (Hoofdtracé) | D74: Herstellen van drainage is extensiever dan verwacht | E74: 1. Onvolledig inzicht in de bestaande drainagesituatie (ligging, opbouw, staat en omvang niet volledig bekend); 2. Aanwezigheid van oudere of niet-gedocumenteerde drainage die tijdens uitvoering wordt aangetroffen; 3. Grotere verstoring van de ondergrond dan vooraf ingeschat door graafwerk, boringen of materieelinzet. | F74: 1. Extra herstelwerkzaamheden en kosten voor het opnieuw aanleggen of uitbreiden van drainage; 2. Vertraging van de uitvoering, doordat gronden niet tijdig herstelbaar of begaanbaar zijn; 3. Ontevredenheid of claims van perceeleigenaren door verminderde ontwatering en gebruiksbeperkingen. | G74: Overgenomen uit risicodossier Zuiderdijkweg. Relevant vanwege het agrarische karakter van het werkgebied. | H74: Voorstel | I74: Onno Cavalini | J74: A.Hak | K74: Uitvoering | R74: =IFERROR(Tabel2[[#This Row],[Kans]]*SUM(Tabel2[[#This Row],[Tijd]:[Omgeving]]),0) -> 0 | S74: =IF(F$2<KWANTIFICEERTABELLEN!B$17,_xlfn.XLOOKUP(Tabel2[[#This Row],[Kans]],KWANTIFICEERTABELLEN!$B$6:$B$13,KWANTIFICEERTABELLEN!I$6:I$13,),IF(AND(F$2>KWANTIFICEERTABELLEN!B$17,$F$2<KWANTIFICEERTABELLEN!B$30),_xlfn.XLOOKUP(Tabel2[[#This Row],[Kans]],KWANTIFICEERTABELLEN!$B$19:$B$26,KWANTIFICEERTABELLEN!I$19:I$26),IF(F$2>KWANTIFICEERTABELLEN!B$30,_xlfn.XLOOKUP(Tabel2[[#This Row],[Kans]],KWANTIFICEERTABELLEN!$B$32:$B$39,KWANTIFICEERTABELLEN!I$32:I$39)))) -> #N/A | U74: =IFERROR(Tabel2[[#This Row],[Kans ]]*Tabel2[[#This Row],[Geld ]],0) -> 0 | V74: 1. Inventariseren en vastleggen van bekende drainagesystemen tijdens voorbereiding (incl. input van perceeleigenaar); 2. Opnemen van drainageherstel als expliciet onderdeel van perceelafspraken en werkplannen; 3. Reserveren van tijd en budget in planning voor mogelijk aanvullend drainageherstel. | Z74: 3 | AA74: 3 | AB74: 4 | AC74: 3 | AD74: 1 | AE74: 2 | AF74: =IFERROR(Tabel2[[#This Row],[Kans ]]*SUM(Tabel2[[#This Row],[Tijd ]:[Omgeving ]]),0) -> 39 | AG74: =IF(F$2<KWANTIFICEERTABELLEN!B$17,_xlfn.XLOOKUP(Tabel2[[#This Row],[Kans ]],KWANTIFICEERTABELLEN!$B$6:$B$13,KWANTIFICEERTABELLEN!I$6:I$13,),IF(AND(F$2>KWANTIFICEERTABELLEN!B$17,$F$2<KWANTIFICEERTABELLEN!B$30),_xlfn.XLOOKUP(Tabel2[[#This Row],[Kans ]],KWANTIFICEERTABELLEN!$B$19:$B$26,KWANTIFICEERTABELLEN!I$19:I$26),IF(F$2>KWANTIFICEERTABELLEN!B$30,_xlfn.XLOOKUP(Tabel2[[#This Row],[Kans ]],KWANTIFICEERTABELLEN!$B$32:$B$39,KWANTIFICEERTABELLEN!I$32:I$39)))) -> 0.2 | AH74: =IF(F$2<KWANTIFICEERTABELLEN!B$17,_xlfn.XLOOKUP(Tabel2[[#This Row],[Geld ]],KWANTIFICEERTABELLEN!$B$6:$B$13,KWANTIFICEERTABELLEN!J$6:J$13,),IF(AND(F$2>KWANTIFICEERTABELLEN!B$17,$F$2<KWANTIFICEERTABELLEN!B$30),_xlfn.XLOOKUP(Tabel2[[#This Row],[Geld ]],KWANTIFICEERTABELLEN!$B$19:$B$26,KWANTIFICEERTABELLEN!J$19:J$26),IF(F$2>KWANTIFICEERTABELLEN!B$30,_xlfn.XLOOKUP(Tabel2[[#This Row],[Geld ]],KWANTIFICEERTABELLEN!$B$32:$B$39,KWANTIFICEERTABELLEN!J$32:J$39)))) -> 37500 | AI74: =IFERROR(Tabel2[[#This Row],[Kans ]]*Tabel2[[#This Row],[Rekenwaarde kosten]],0) -> 7500 | AJ74: =IF(F$2<KWANTIFICEERTABELLEN!B$4,VLOOKUP(Tabel2[[#This Row],[Tijd ]],KWANTIFICEERTABELLEN!$B$6:$D$13,3,FALSE()),IF(AND(F$2>KWANTIFICEERTABELLEN!B$4,$F$2<KWANTIFICEERTABELLEN!B$30),VLOOKUP(Tabel2[[#This Row],[Tijd ]],KWANTIFICEERTABELLEN!$B$19:$D$26,3,FALSE()),IF(F$2>KWANTIFICEERTABELLEN!B$30,VLOOKUP(Tabel2[[#This Row],[Tijd ]],KWANTIFICEERTABELLEN!$B$32:$D$39,3,FALSE()),))) -> 1 - 2 weken
B75: 19 | C75: Beiden | D75: Verschuiving van planning zorgt voor uitvoering in actieve periode van rugstreeppadden | E75: 1. Vertraging in de voorbereiding (vergunningen, ZRO's, ontwerp) dwingt de uitvoering naar de actieve periode van de rugstreeppad (april–september); 2. Onvoldoende buffer in de planning voor ecologische randperiodes en de wettelijke beschermingstermijnen. | F75: 1. Aanvullende ecologische maatregelen zijn verplicht (paddenschermen, ecoloog, ritssleuftechniek), met extra kosten; 2. Werkzaamheden in bepaalde periodes zijn wettelijk niet toegestaan, waardoor de uitvoering stagneert; 3. Projectplanning en IBN datum verschuiven, met risico op kostenverhoging. | H75: Beheerst | I75: Isabel Gheza | J75: A.Hak | K75: Uitvoering | R75: =IFERROR(Tabel2[[#This Row],[Kans]]*SUM(Tabel2[[#This Row],[Tijd]:[Omgeving]]),0) -> 0 | V75: 1. In de winterperiode: geen maatregelen te nemen 2. Buiten de winterperiode: maatregelen beschreven in ecologisch werkprotocol | Z75: 4 | AA75: 5 | AB75: 3 | AC75: 1 | AD75: 0 | AE75: 0 | AF75: =IFERROR(Tabel2[[#This Row],[Kans ]]*SUM(Tabel2[[#This Row],[Tijd ]:[Omgeving ]]),0) -> 36 | AG75: =VLOOKUP(Tabel2[[#This Row],[Kans ]],KWANTIFICEERTABELLEN!$B$19:$J$26,8,FALSE()) -> 0.3 | AH75: =IF(F$2<KWANTIFICEERTABELLEN!B$4,VLOOKUP(Tabel2[[#This Row],[Geld ]],KWANTIFICEERTABELLEN!$B$6:$J$13,9,FALSE()), IF(AND(F$2>KWANTIFICEERTABELLEN!B$4,$F$2<KWANTIFICEERTABELLEN!B$30),VLOOKUP(Tabel2[[#This Row],[Geld ]],KWANTIFICEERTABELLEN!$B$19:$J$26,9,FALSE()), IF(F$2>KWANTIFICEERTABELLEN!B$30,VLOOKUP(Tabel2[[#This Row],[Geld ]],KWANTIFICEERTABELLEN!$B$32:$J$39,9,FALSE()),))) -> 17500 | AI75: =IFERROR(Tabel2[[#This Row],[Kans ]]*Tabel2[[#This Row],[Rekenwaarde kosten]],0) -> 5250 | AJ75: =IF(F$2<KWANTIFICEERTABELLEN!B$4,VLOOKUP(Tabel2[[#This Row],[Tijd ]],KWANTIFICEERTABELLEN!$B$6:$D$13,3,FALSE()), IF(AND(F$2>KWANTIFICEERTABELLEN!B$4,$F$2<KWANTIFICEERTABELLEN!B$30),VLOOKUP(Tabel2[[#This Row],[Tijd ]],KWANTIFICEERTABELLEN!$B$19:$D$26,3,FALSE()), IF(F$2>KWANTIFICEERTABELLEN!B$30,VLOOKUP(Tabel2[[#This Row],[Tijd ]],KWANTIFICEERTABELLEN!$B$32:$D$39,3,FALSE()),))) -> 4 - 6 weken
B76: 73 | C76: Beiden | D76: Nat- of regenachtig seizoen | E76: 1. Langdurige periodes van neerslag boven het seizoensgemiddelde; 2. Onvoldoende drainage of waterafvoer in het werkgebied en de sleuven; 3. Planning onvoldoende afgestemd op weersgevoelige werkzaamheden. | F76: 1. Vertraging van civiele werkzaamheden (graven, boringen, fundatieplaatsen) door natte omstandigheden; 2. Verslechtering van de bodemgesteldheid met risico op instabiele sleuven of verzakkingen; 3. Extra kosten door herstelwerk, stilstand van materieel en herplanning. | H76: Voorstel | I76: Onno Cavalini | J76: Liander | K76: Uitvoering | R76: =IFERROR(Tabel2[[#This Row],[Kans]]*SUM(Tabel2[[#This Row],[Tijd]:[Omgeving]]),0) -> 0 | S76: =IF(F$2<KWANTIFICEERTABELLEN!B$17,_xlfn.XLOOKUP(Tabel2[[#This Row],[Kans]],KWANTIFICEERTABELLEN!$B$6:$B$13,KWANTIFICEERTABELLEN!I$6:I$13,), IF(AND(F$2>KWANTIFICEERTABELLEN!B$17,$F$2<KWANTIFICEERTABELLEN!B$30),_xlfn.XLOOKUP(Tabel2[[#This Row],[Kans]],KWANTIFICEERTABELLEN!$B$19:$B$26,KWANTIFICEERTABELLEN!I$19:I$26), IF(F$2>KWANTIFICEERTABELLEN!B$30,_xlfn.XLOOKUP(Tabel2[[#This Row],[Kans]],KWANTIFICEERTABELLEN!$B$32:$B$39,KWANTIFICEERTABELLEN!I$32:I$39)))) -> #N/A | V76: 1. Weersgevoelige werkzaamheden identificeren en faseren in de planning; 2. Tijdelijke drainage- en waterafvoermaatregelen voorzien (pompen, rijplaten); 3. Alternatieve werkwijzen of werkvolgorde voorbereiden voor natte omstandigheden. | Z76: 3 | AA76: 4 | AB76: 3 | AC76: 2 | AD76: 2 | AE76: 1 | AF76: =IFERROR(Tabel2[[#This Row],[Kans ]]*SUM(Tabel2[[#This Row],[Tijd ]:[Omgeving ]]),0) -> 36 | AG76: =IF(F$2<KWANTIFICEERTABELLEN!B$17,_xlfn.XLOOKUP(Tabel2[[#This Row],[Kans ]],KWANTIFICEERTABELLEN!$B$6:$B$13,KWANTIFICEERTABELLEN!I$6:I$13,), IF(AND(F$2>KWANTIFICEERTABELLEN!B$17,$F$2<KWANTIFICEERTABELLEN!B$30),_xlfn.XLOOKUP(Tabel2[[#This Row],[Kans ]],KWANTIFICEERTABELLEN!$B$19:$B$26,KWANTIFICEERTABELLEN!I$19:I$26), IF(F$2>KWANTIFICEERTABELLEN!B$30,_xlfn.XLOOKUP(Tabel2[[#This Row],[Kans ]],KWANTIFICEERTABELLEN!$B$32:$B$39,KWANTIFICEERTABELLEN!I$32:I$39)))) -> 0.2 | AH76: =IF(F$2<KWANTIFICEERTABELLEN!B$17,_xlfn.XLOOKUP(Tabel2[[#This Row],[Geld ]],KWANTIFICEERTABELLEN!$B$6:$B$13,KWANTIFICEERTABELLEN!J$6:J$13,), IF(AND(F$2>KWANTIFICEERTABELLEN!B$17,$F$2<KWANTIFICEERTABELLEN!B$30),_xlfn.XLOOKUP(Tabel2[[#This Row],[Geld ]],KWANTIFICEERTABELLEN!$B$19:$B$26,KWANTIFICEERTABELLEN!J$19:J$26), IF(F$2>KWANTIFICEERTABELLEN!B$30,_xlfn.XLOOKUP(Tabel2[[#This Row],[Geld ]],KWANTIFICEERTABELLEN!$B$32:$B$39,KWANTIFICEERTABELLEN!J$32:J$39)))) -> 17500 | AI76: =IFERROR(Tabel2[[#This Row],[Kans ]]*Tabel2[[#This Row],[Rekenwaarde kosten]],0) -> 3500 | AJ76: =IF(F$2<KWANTIFICEERTABELLEN!B$4,VLOOKUP(Tabel2[[#This Row],[Tijd ]],KWANTIFICEERTABELLEN!$B$6:$D$13,3,FALSE()), IF(AND(F$2>KWANTIFICEERTABELLEN!B$4,$F$2<KWANTIFICEERTABELLEN!B$30),VLOOKUP(Tabel2[[#This Row],[Tijd ]],KWANTIFICEERTABELLEN!$B$19:$D$26,3,FALSE()), IF(F$2>KWANTIFICEERTABELLEN!B$30,VLOOKUP(Tabel2[[#This Row],[Tijd ]],KWANTIFICEERTABELLEN!$B$32:$D$39,3,FALSE()),))) -> 2 - 4 weken
B77: 97 | C77: Beiden | D77: Broedende vogels zorgen voor aanvullende of beperkende maatregelen bij de uitvoering | E77: 1. Aanwezigheid van broedende vogels binnen of nabij het werkgebied tijdens het broedseizoen; 2. Onvoldoende ecologisch vooronderzoek of verouderde quickscan die de actuele situatie niet dekt; 3. Wijzigingen in planning of werkgebied, waardoor werkzaamheden in het broedseizoen plaatsvinden. | F77: 1. Beperking of stillegging van werkzaamheden door wettelijke beschermingsregels; 2. Aanpassing van werkmethoden of planning, met vertraging tot gevolg; 3. Extra kosten voor aanvullend ecologisch onderzoek, begeleiding of mitigerende maatregelen. | G77: Overgenomen uit risicodossier Zuiderdijkweg. Relevant naast bestaand rugstreeppadrisico. | H77: Voorstel | I77: Onno Cavalini | J77: Liander | K77: Uitvoering | R77: =IFERROR(Tabel2[[#This Row],[Kans]]*SUM(Tabel2[[#This Row],[Tijd]:[Omgeving]]),0) -> 0 | S77: =IF(F$2<KWANTIFICEERTABELLEN!B$17,_xlfn.XLOOKUP(Tabel2[[#This Row],[Kans]],KWANTIFICEERTABELLEN!$B$6:$B$13,KWANTIFICEERTABELLEN!I$6:I$13,),IF(AND(F$2>KWANTIFICEERTABELLEN!B$17,$F$2<KWANTIFICEERTABELLEN!B$30),_xlfn.XLOOKUP(Tabel2[[#This Row],[Kans]],KWANTIFICEERTABELLEN!$B$19:$B$26,KWANTIFICEERTABELLEN!I$19:I$26),IF(F$2>KWANTIFICEERTABELLEN!B$30,_xlfn.XLOOKUP(Tabel2[[#This Row],[Kans]],KWANTIFICEERTABELLEN!$B$32:$B$39,KWANTIFICEERTABELLEN!I$32:I$39)))) -> #N/A | U77: =IFERROR(Tabel2[[#This Row],[Kans ]]*Tabel2[[#This Row],[Geld ]],0) -> 0 | V77: 1. Tijdig uitvoeren en beoordelen van ecologisch (broedvogel)onderzoek passend bij planning en werkgebied; 2. Afstemmen van planning op het broedseizoen, waar mogelijk werkzaamheden verplaatsen; 3. Ecologische randvoorwaarden opnemen in werkplannen en V&G-plan, inclusief verboden zones en perioden. | Z77: 3 | AA77: 4 | AB77: 3 | AC77: 1 | AD77: 1 | AE77: 3 | AF77: =IFERROR(Tabel2[[#This Row],[Kans ]]*SUM(Tabel2[[#This Row],[Tijd ]:[Omgeving ]]),0) -> 36 | AG77: =IF(F$2<KWANTIFICEERTABELLEN!B$17,_xlfn.XLOOKUP(Tabel2[[#This Row],[Kans ]],KWANTIFICEERTABELLEN!$B$6:$B$13,KWANTIFICEERTABELLEN!I$6:I$13,),IF(AND(F$2>KWANTIFICEERTABELLEN!B$17,$F$2<KWANTIFICEERTABELLEN!B$30),_xlfn.XLOOKUP(Tabel2[[#This Row],[Kans ]],KWANTIFICEERTABELLEN!$B$19:$B$26,KWANTIFICEERTABELLEN!I$19:I$26),IF(F$2>KWANTIFICEERTABELLEN!B$30,_xlfn.XLOOKUP(Tabel2[[#This Row],[Kans ]],KWANTIFICEERTABELLEN!$B$32:$B$39,KWANTIFICEERTABELLEN!I$32:I$39)))) -> 0.2 | AH77: =IF(F$2<KWANTIFICEERTABELLEN!B$17,_xlfn.XLOOKUP(Tabel2[[#This Row],[Geld ]],KWANTIFICEERTABELLEN!$B$6:$B$13,KWANTIFICEERTABELLEN!J$6:J$13,),IF(AND(F$2>KWANTIFICEERTABELLEN!B$17,$F$2<KWANTIFICEERTABELLEN!B$30),_xlfn.XLOOKUP(Tabel2[[#This Row],[Geld ]],KWANTIFICEERTABELLEN!$B$19:$B$26,KWANTIFICEERTABELLEN!J$19:J$26),IF(F$2>KWANTIFICEERTABELLEN!B$30,_xlfn.XLOOKUP(Tabel2[[#This Row],[Geld ]],KWANTIFICEERTABELLEN!$B$32:$B$39,KWANTIFICEERTABELLEN!J$32:J$39)))) -> 17500 | AI77: =IFERROR(Tabel2[[#This Row],[Kans ]]*Tabel2[[#This Row],[Rekenwaarde kosten]],0) -> 3500 | AJ77: =IF(F$2<KWANTIFICEERTABELLEN!B$4,VLOOKUP(Tabel2[[#This Row],[Tijd ]],KWANTIFICEERTABELLEN!$B$6:$D$13,3,FALSE()),IF(AND(F$2>KWANTIFICEERTABELLEN!B$4,$F$2<KWANTIFICEERTABELLEN!B$30),VLOOKUP(Tabel2[[#This Row],[Tijd ]],KWANTIFICEERTABELLEN!$B$19:$D$26,3,FALSE()),IF(F$2>KWANTIFICEERTABELLEN!B$30,VLOOKUP(Tabel2[[#This Row],[Tijd ]],KWANTIFICEERTABELLEN!$B$32:$D$39,3,FALSE()),))) -> 2 - 4 weken
B78: 99 | C78: Beiden | D78: Hoeveelheid te rooien kabels groter dan verwacht | E78: 1. Onvolledige of verouderde registratie van bestaande kabels in GIS, as-built-tekeningen of archieven; 2. Historische kabels en buiten gebruik gestelde netten die niet (meer) formeel zijn vastgelegd; 3. Afwijkingen tussen ontwerp en werkelijke situatie die pas tijdens uitvoering zichtbaar worden. | F78: 1. Extra werkzaamheden en vertraging door aanvullende rooiactiviteiten; 2. Toename van kosten (arbeid, materieel, afvoer en verwerking van kabels); 3. Verhoogd risico op schade of veiligheidsincidenten bij onverwachte kabels in de ondergrond. | G78: Overgenomen uit risicodossier Zuiderdijkweg | H78: Voorstel | I78: Onno Cavalini | J78: A.Hak | K78: Uitvoering | R78: =IFERROR(Tabel2[[#This Row],[Kans]]*SUM(Tabel2[[#This Row],[Tijd]:[Omgeving]]),0) -> 0 | S78: =IF(F$2<KWANTIFICEERTABELLEN!B$17,_xlfn.XLOOKUP(Tabel2[[#This Row],[Kans]],KWANTIFICEERTABELLEN!$B$6:$B$13,KWANTIFICEERTABELLEN!I$6:I$13,),IF(AND(F$2>KWANTIFICEERTABELLEN!B$17,$F$2<KWANTIFICEERTABELLEN!B$30),_xlfn.XLOOKUP(Tabel2[[#This Row],[Kans]],KWANTIFICEERTABELLEN!$B$19:$B$26,KWANTIFICEERTABELLEN!I$19:I$26),IF(F$2>KWANTIFICEERTABELLEN!B$30,_xlfn.XLOOKUP(Tabel2[[#This Row],[Kans]],KWANTIFICEERTABELLEN!$B$32:$B$39,KWANTIFICEERTABELLEN!I$32:I$39)))) -> #N/A | U78: =IFERROR(Tabel2[[#This Row],[Kans ]]*Tabel2[[#This Row],[Geld ]],0) -> 0 | V78: 1. Grondige analyse van beschikbare kabelregistraties (GIS, revisies, historische gegevens) vooraf; 2. Verificatie in het veld door proefsleuven of inspecties op kritieke locaties; 3. Reserveren van tijd en budget in planning voor mogelijk extra rooiactiviteiten. | Z78: 3 | AA78: 3 | AB78: 4 | AC78: 2 | AD78: 2 | AE78: 1 | AF78: =IFERROR(Tabel2[[#This Row],[Kans ]]*SUM(Tabel2[[#This Row],[Tijd ]:[Omgeving ]]),0) -> 36 | AG78: =IF(F$2<KWANTIFICEERTABELLEN!B$17,_xlfn.XLOOKUP(Tabel2[[#This Row],[Kans ]],KWANTIFICEERTABELLEN!$B$6:$B$13,KWANTIFICEERTABELLEN!I$6:I$13,),IF(AND(F$2>KWANTIFICEERTABELLEN!B$17,$F$2<KWANTIFICEERTABELLEN!B$30),_xlfn.XLOOKUP(Tabel2[[#This Row],[Kans ]],KWANTIFICEERTABELLEN!$B$19:$B$26,KWANTIFICEERTABELLEN!I$19:I$26),IF(F$2>KWANTIFICEERTABELLEN!B$30,_xlfn.XLOOKUP(Tabel2[[#This Row],[Kans ]],KWANTIFICEERTABELLEN!$B$32:$B$39,KWANTIFICEERTABELLEN!I$32:I$39)))) -> 0.2 | AH78: =IF(F$2<KWANTIFICEERTABELLEN!B$17,_xlfn.XLOOKUP(Tabel2[[#This Row],[Geld ]],KWANTIFICEERTABELLEN!$B$6:$B$13,KWANTIFICEERTABELLEN!J$6:J$13,),IF(AND(F$2>KWANTIFICEERTABELLEN!B$17,$F$2<KWANTIFICEERTABELLEN!B$30),_xlfn.XLOOKUP(Tabel2[[#This Row],[Geld ]],KWANTIFICEERTABELLEN!$B$19:$B$26,KWANTIFICEERTABELLEN!J$19:J$26),IF(F$2>KWANTIFICEERTABELLEN!B$30,_xlfn.XLOOKUP(Tabel2[[#This Row],[Geld ]],KWANTIFICEERTABELLEN!$B$32:$B$39,KWANTIFICEERTABELLEN!J$32:J$39)))) -> 37500 | AI78: =IFERROR(Tabel2[[#This Row],[Kans ]]*Tabel2[[#This Row],[Rekenwaarde kosten]],0) -> 7500 | AJ78: =IF(F$2<KWANTIFICEERTABELLEN!B$4,VLOOKUP(Tabel2[[#This Row],[Tijd ]],KWANTIFICEERTABELLEN!$B$6:$D$13,3,FALSE()),IF(AND(F$2>KWANTIFICEERTABELLEN!B$4,$F$2<KWANTIFICEERTABELLEN!B$30),VLOOKUP(Tabel2[[#This Row],[Tijd ]],KWANTIFICEERTABELLEN!$B$19:$D$26,3,FALSE()),IF(F$2>KWANTIFICEERTABELLEN!B$30,VLOOKUP(Tabel2[[#This Row],[Tijd ]],KWANTIFICEERTABELLEN!$B$32:$D$39,3,FALSE()),))) -> 1 - 2 weken
B79: 83 | C79: Beiden | D79: TVM's worden niet nageleefd | E79: 1. Onvoldoende kennis of bewustzijn bij uitvoering van de geldende TVM-plannen en vergunningvoorwaarden; 2. Afwijkingen in de uitvoering (bijv. gewijzigde werkvolgorde) zonder aanpassing van de TVM's; 3. Onvoldoende toezicht en controle op naleving van TVM's tijdens de werkzaamheden. | F79: 1. Onveilige verkeerssituaties voor weggebruikers en uitvoerend personeel; 2. Handhavend optreden door bevoegd gezag, inclusief boetes of stillegging; 3. Vertraging en extra kosten door herstel van de TVM-situatie en herplanning. | H79: Voorstel | I79: Onno Cavalini | J79: A.Hak | K79: Uitvoering | R79: =IFERROR(Tabel2[[#This Row],[Kans]]*SUM(Tabel2[[#This Row],[Tijd]:[Omgeving]]),0) -> 0 | S79: =IF(F$2<KWANTIFICEERTABELLEN!B$17,_xlfn.XLOOKUP(Tabel2[[#This Row],[Kans]],KWANTIFICEERTABELLEN!$B$6:$B$13,KWANTIFICEERTABELLEN!I$6:I$13,), IF(AND(F$2>KWANTIFICEERTABELLEN!B$17,$F$2<KWANTIFICEERTABELLEN!B$30),_xlfn.XLOOKUP(Tabel2[[#This Row],[Kans]],KWANTIFICEERTABELLEN!$B$19:$B$26,KWANTIFICEERTABELLEN!I$19:I$26), IF(F$2>KWANTIFICEERTABELLEN!B$30,_xlfn.XLOOKUP(Tabel2[[#This Row],[Kans]],KWANTIFICEERTABELLEN!$B$32:$B$39,KWANTIFICEERTABELLEN!I$32:I$39)))) -> #N/A | V79: 1. TVM-plan en vergunningvoorwaarden expliciet bespreken met uitvoerend personeel vóór start werkzaamheden; 2. Gecertificeerd personeel inzetten voor plaatsen en onderhoud van TVM's; 3. Regelmatige controle en toezicht op locatie op juiste plaatsing en naleving van TVM's. | Z79: 2 | AA79: 2 | AB79: 3 | AC79: 3 | AD79: 5 | AE79: 4 | AF79: =IFERROR(Tabel2[[#This Row],[Kans ]]*SUM(Tabel2[[#This Row],[Tijd ]:[Omgeving ]]),0) -> 34 | AG79: =IF(F$2<KWANTIFICEERTABELLEN!B$17,_xlfn.XLOOKUP(Tabel2[[#This Row],[Kans ]],KWANTIFICEERTABELLEN!$B$6:$B$13,KWANTIFICEERTABELLEN!I$6:I$13,), IF(AND(F$2>KWANTIFICEERTABELLEN!B$17,$F$2<KWANTIFICEERTABELLEN!B$30),_xlfn.XLOOKUP(Tabel2[[#This Row],[Kans ]],KWANTIFICEERTABELLEN!$B$19:$B$26,KWANTIFICEERTABELLEN!I$19:I$26), IF(F$2>KWANTIFICEERTABELLEN!B$30,_xlfn.XLOOKUP(Tabel2[[#This Row],[Kans ]],KWANTIFICEERTABELLEN!$B$32:$B$39,KWANTIFICEERTABELLEN!I$32:I$39)))) -> 0.1 | AH79: =IF(F$2<KWANTIFICEERTABELLEN!B$17,_xlfn.XLOOKUP(Tabel2[[#This Row],[Geld ]],KWANTIFICEERTABELLEN!$B$6:$B$13,KWANTIFICEERTABELLEN!J$6:J$13,), IF(AND(F$2>KWANTIFICEERTABELLEN!B$17,$F$2<KWANTIFICEERTABELLEN!B$30),_xlfn.XLOOKUP(Tabel2[[#This Row],[Geld ]],KWANTIFICEERTABELLEN!$B$19:$B$26,KWANTIFICEERTABELLEN!J$19:J$26), IF(F$2>KWANTIFICEERTABELLEN!B$30,_xlfn.XLOOKUP(Tabel2[[#This Row],[Geld ]],KWANTIFICEERTABELLEN!$B$32:$B$39,KWANTIFICEERTABELLEN!J$32:J$39)))) -> 17500 | AI79: =IFERROR(Tabel2[[#This Row],[Kans ]]*Tabel2[[#This Row],[Rekenwaarde kosten]],0) -> 1750 | AJ79: =IF(F$2<KWANTIFICEERTABELLEN!B$4,VLOOKUP(Tabel2[[#This Row],[Tijd ]],KWANTIFICEERTABELLEN!$B$6:$D$13,3,FALSE()), IF(AND(F$2>KWANTIFICEERTABELLEN!B$4,$F$2<KWANTIFICEERTABELLEN!B$30),VLOOKUP(Tabel2[[#This Row],[Tijd ]],KWANTIFICEERTABELLEN!$B$19:$D$26,3,FALSE()), IF(F$2>KWANTIFICEERTABELLEN!B$30,VLOOKUP(Tabel2[[#This Row],[Tijd ]],KWANTIFICEERTABELLEN!$B$32:$D$39,3,FALSE()),))) -> 0.5 - 1 weken
B80: 85 | C80: Beiden | D80: Onvoldoende capaciteit uitvoering door meerdere projecten tegelijkertijd | E80: 1. Concurrentie met andere projecten voor dezelfde personele en materiele capaciteit; 2. Onrealistische capaciteitsplanning, waarbij onvoldoende rekening is gehouden met gelijktijdige projecten; 3. Onvoldoende afstemming tussen projecten over prioritering en beschikbaarheid van middelen. | F80: 1. Vertraging van werkzaamheden en het niet halen van projectmijlpalen; 2. Verhoogde werkdruk met risico's voor veiligheid, kwaliteit en fouten; 3. Extra kosten door inzet van noodoplossingen, externe inhuur of overwerk. | H80: Voorstel | I80: Onno Cavalini | J80: A.Hak | K80: Uitvoering | R80: =IFERROR(Tabel2[[#This Row],[Kans]]*SUM(Tabel2[[#This Row],[Tijd]:[Omgeving]]),0) -> 0 | S80: =IF(F$2<KWANTIFICEERTABELLEN!B$17,_xlfn.XLOOKUP(Tabel2[[#This Row],[Kans]],KWANTIFICEERTABELLEN!$B$6:$B$13,KWANTIFICEERTABELLEN!I$6:I$13,), IF(AND(F$2>KWANTIFICEERTABELLEN!B$17,$F$2<KWANTIFICEERTABELLEN!B$30),_xlfn.XLOOKUP(Tabel2[[#This Row],[Kans]],KWANTIFICEERTABELLEN!$B$19:$B$26,KWANTIFICEERTABELLEN!I$19:I$26), IF(F$2>KWANTIFICEERTABELLEN!B$30,_xlfn.XLOOKUP(Tabel2[[#This Row],[Kans]],KWANTIFICEERTABELLEN!$B$32:$B$39,KWANTIFICEERTABELLEN!I$32:I$39)))) -> #N/A | V80: 1. Realistische capaciteitsplanning opstellen en periodiek actualiseren per projectfase; 2. Capaciteit tijdig reserveren en vastleggen, inclusief onderaannemers; 3. Afstemmen van de planning met andere lopende projecten binnen de organisatie. | Z80: 3 | AA80: 4 | AB80: 3 | AC80: 3 | AD80: 0 | AE80: 1 | AF80: =IFERROR(Tabel2[[#This Row],[Kans ]]*SUM(Tabel2[[#This Row],[Tijd ]:[Omgeving ]]),0) -> 33 | AG80: =IF(F$2<KWANTIFICEERTABELLEN!B$17,_xlfn.XLOOKUP(Tabel2[[#This Row],[Kans ]],KWANTIFICEERTABELLEN!$B$6:$B$13,KWANTIFICEERTABELLEN!I$6:I$13,), IF(AND(F$2>KWANTIFICEERTABELLEN!B$17,$F$2<KWANTIFICEERTABELLEN!B$30),_xlfn.XLOOKUP(Tabel2[[#This Row],[Kans ]],KWANTIFICEERTABELLEN!$B$19:$B$26,KWANTIFICEERTABELLEN!I$19:I$26), IF(F$2>KWANTIFICEERTABELLEN!B$30,_xlfn.XLOOKUP(Tabel2[[#This Row],[Kans ]],KWANTIFICEERTABELLEN!$B$32:$B$39,KWANTIFICEERTABELLEN!I$32:I$39)))) -> 0.2 | AH80: =IF(F$2<KWANTIFICEERTABELLEN!B$17,_xlfn.XLOOKUP(Tabel2[[#This Row],[Geld ]],KWANTIFICEERTABELLEN!$B$6:$B$13,KWANTIFICEERTABELLEN!J$6:J$13,), IF(AND(F$2>KWANTIFICEERTABELLEN!B$17,$F$2<KWANTIFICEERTABELLEN!B$30),_xlfn.XLOOKUP(Tabel2[[#This Row],[Geld ]],KWANTIFICEERTABELLEN!$B$19:$B$26,KWANTIFICEERTABELLEN!J$19:J$26), IF(F$2>KWANTIFICEERTABELLEN!B$30,_xlfn.XLOOKUP(Tabel2[[#This Row],[Geld ]],KWANTIFICEERTABELLEN!$B$32:$B$39,KWANTIFICEERTABELLEN!J$32:J$39)))) -> 17500 | AI80: =IFERROR(Tabel2[[#This Row],[Kans ]]*Tabel2[[#This Row],[Rekenwaarde kosten]],0) -> 3500 | AJ80: =IF(F$2<KWANTIFICEERTABELLEN!B$4,VLOOKUP(Tabel2[[#This Row],[Tijd ]],KWANTIFICEERTABELLEN!$B$6:$D$13,3,FALSE()), IF(AND(F$2>KWANTIFICEERTABELLEN!B$4,$F$2<KWANTIFICEERTABELLEN!B$30),VLOOKUP(Tabel2[[#This Row],[Tijd ]],KWANTIFICEERTABELLEN!$B$19:$D$26,3,FALSE()), IF(F$2>KWANTIFICEERTABELLEN!B$30,VLOOKUP(Tabel2[[#This Row],[Tijd ]],KWANTIFICEERTABELLEN!$B$32:$D$39,3,FALSE()),))) -> 2 - 4 weken
B81: 64 | C81: Beiden | D81: Materieel niet tijdig beschikbaar | E81: 1. Onvoldoende tijdige reservering van benodigd materieel in de voorbereidingsfase; 2. Concurrerend gebruik van materieel op andere gelijktijdige projecten; 3. Onvoorziene uitloop of storingen waardoor materieel langer bezet of buiten gebruik is. | F81: 1. Vertraging van werkzaamheden en het niet halen van geplande bouw- of aansluitmomenten; 2. Inefficiënte inzet van personeel dat niet kan doorwerken; 3. Extra kosten door spoedinhuur of herplanning. | H81: Vigerend | I81: Johan van Dronkelaar | J81: A.Hak | K81: NAOK | R81: =IFERROR(Tabel2[[#This Row],[Kans]]*SUM(Tabel2[[#This Row],[Tijd]:[Omgeving]]),0) -> 0 | V81: 1. Materieelbehoefte vroegtijdig vaststellen en vastleggen in de planning en werkplannen; 2. Tijdige reservering en contractuele borging van materieel bij leveranciers; 3. Afstemming tussen projecten over beschikbaarheid en prioriteiten. | X81: 1. Gereed 2. Loopt 3. Loopt | Y81: 03-06-2026: Gekoppeld aan olieprijs. Restrisico voornamelijk als 2 projecten stagneren en moeten worden herpland. | Z81: 3 | AA81: 3 | AB81: 3 | AC81: 2 | AD81: 0 | AE81: 3 | AF81: =IFERROR(Tabel2[[#This Row],[Kans ]]*SUM(Tabel2[[#This Row],[Tijd ]:[Omgeving ]]),0) -> 33 | AG81: =VLOOKUP(Tabel2[[#This Row],[Kans ]],KWANTIFICEERTABELLEN!$B$19:$J$26,8,FALSE()) -> 0.2 | AH81: =IF(F$2<KWANTIFICEERTABELLEN!B$4,VLOOKUP(Tabel2[[#This Row],[Geld ]],KWANTIFICEERTABELLEN!$B$6:$J$13,9,FALSE()), IF(AND(F$2>KWANTIFICEERTABELLEN!B$4,$F$2<KWANTIFICEERTABELLEN!B$30),VLOOKUP(Tabel2[[#This Row],[Geld ]],KWANTIFICEERTABELLEN!$B$19:$J$26,9,FALSE()), IF(F$2>KWANTIFICEERTABELLEN!B$30,VLOOKUP(Tabel2[[#This Row],[Geld ]],KWANTIFICEERTABELLEN!$B$32:$J$39,9,FALSE()),))) -> 17500 | AI81: =IFERROR(Tabel2[[#This Row],[Kans ]]*Tabel2[[#This Row],[Rekenwaarde kosten]],0) -> 3500 | AJ81: =IF(F$2<KWANTIFICEERTABELLEN!B$4,VLOOKUP(Tabel2[[#This Row],[Tijd ]],KWANTIFICEERTABELLEN!$B$6:$D$13,3,FALSE()), IF(AND(F$2>KWANTIFICEERTABELLEN!B$4,$F$2<KWANTIFICEERTABELLEN!B$30),VLOOKUP(Tabel2[[#This Row],[Tijd ]],KWANTIFICEERTABELLEN!$B$19:$D$26,3,FALSE()), IF(F$2>KWANTIFICEERTABELLEN!B$30,VLOOKUP(Tabel2[[#This Row],[Tijd ]],KWANTIFICEERTABELLEN!$B$32:$D$39,3,FALSE()),))) -> 1 - 2 weken
B82: 88 | C82: DP1 (Hoofdtracé) | D82: Aanvullende maatregelen nodig bovenop verkeersplannen | E82: 1. Bevoegd gezag stelt aanvullende eisen aan de verkeersmaatregelen na indiening van het verkeersplan; 2. Wijzigingen in de uitvoeringsplanning vereisen aanpassing van de geldende verkeersmaatregelen; 3. Onvoorziene verkeerssituaties of obstakels in het werkgebied vragen om aanvullende maatregelen. | F82: 1. Extra kosten voor aanvullende verkeersmaatregelen; 2. Vertraging doordat het verkeersplan opnieuw moet worden goedgekeurd door het bevoegde gezag; 3. Verhoogd veiligheidsrisico voor weggebruikers en personeel gedurende de aanpassingsperiode. | H82: Voorstel | I82: Onno Cavalini | J82: Liander | K82: Uitvoering | R82: =IFERROR(Tabel2[[#This Row],[Kans]]*SUM(Tabel2[[#This Row],[Tijd]:[Omgeving]]),0) -> 0 | S82: =IF(F$2<KWANTIFICEERTABELLEN!B$17,_xlfn.XLOOKUP(Tabel2[[#This Row],[Kans]],KWANTIFICEERTABELLEN!$B$6:$B$13,KWANTIFICEERTABELLEN!I$6:I$13,), IF(AND(F$2>KWANTIFICEERTABELLEN!B$17,$F$2<KWANTIFICEERTABELLEN!B$30),_xlfn.XLOOKUP(Tabel2[[#This Row],[Kans]],KWANTIFICEERTABELLEN!$B$19:$B$26,KWANTIFICEERTABELLEN!I$19:I$26), IF(F$2>KWANTIFICEERTABELLEN!B$30,_xlfn.XLOOKUP(Tabel2[[#This Row],[Kans]],KWANTIFICEERTABELLEN!$B$32:$B$39,KWANTIFICEERTABELLEN!I$32:I$39)))) -> #N/A | V82: 1. Verkeersplan zo vroeg mogelijk afstemmen met bevoegd gezag en aanvullende eisen ophalen; 2. Verkeersplannen flexibel opstellen met ruimte voor aanpassingen bij gewijzigde uitvoeringsomstandigheden; 3. Actuele uitvoeringssituatie periodiek vergelijken met het goedgekeurde verkeersplan. | Z82: 3 | AA82: 2 | AB82: 3 | AC82: 2 | AD82: 2 | AE82: 2 | AF82: =IFERROR(Tabel2[[#This Row],[Kans ]]*SUM(Tabel2[[#This Row],[Tijd ]:[Omgeving ]]),0) -> 33 | AG82: =IF(F$2<KWANTIFICEERTABELLEN!B$17,_xlfn.XLOOKUP(Tabel2[[#This Row],[Kans ]],KWANTIFICEERTABELLEN!$B$6:$B$13,KWANTIFICEERTABELLEN!I$6:I$13,), IF(AND(F$2>KWANTIFICEERTABELLEN!B$17,$F$2<KWANTIFICEERTABELLEN!B$30),_xlfn.XLOOKUP(Tabel2[[#This Row],[Kans ]],KWANTIFICEERTABELLEN!$B$19:$B$26,KWANTIFICEERTABELLEN!I$19:I$26), IF(F$2>KWANTIFICEERTABELLEN!B$30,_xlfn.XLOOKUP(Tabel2[[#This Row],[Kans ]],KWANTIFICEERTABELLEN!$B$32:$B$39,KWANTIFICEERTABELLEN!I$32:I$39)))) -> 0.2 | AH82: =IF(F$2<KWANTIFICEERTABELLEN!B$17,_xlfn.XLOOKUP(Tabel2[[#This Row],[Geld ]],KWANTIFICEERTABELLEN!$B$6:$B$13,KWANTIFICEERTABELLEN!J$6:J$13,), IF(AND(F$2>KWANTIFICEERTABELLEN!B$17,$F$2<KWANTIFICEERTABELLEN!B$30),_xlfn.XLOOKUP(Tabel2[[#This Row],[Geld ]],KWANTIFICEERTABELLEN!$B$19:$B$26,KWANTIFICEERTABELLEN!J$19:J$26), IF(F$2>KWANTIFICEERTABELLEN!B$30,_xlfn.XLOOKUP(Tabel2[[#This Row],[Geld ]],KWANTIFICEERTABELLEN!$B$32:$B$39,KWANTIFICEERTABELLEN!J$32:J$39)))) -> 17500 | AI82: =IFERROR(Tabel2[[#This Row],[Kans ]]*Tabel2[[#This Row],[Rekenwaarde kosten]],0) -> 3500 | AJ82: =IF(F$2<KWANTIFICEERTABELLEN!B$4,VLOOKUP(Tabel2[[#This Row],[Tijd ]],KWANTIFICEERTABELLEN!$B$6:$D$13,3,FALSE()), IF(AND(F$2>KWANTIFICEERTABELLEN!B$4,$F$2<KWANTIFICEERTABELLEN!B$30),VLOOKUP(Tabel2[[#This Row],[Tijd ]],KWANTIFICEERTABELLEN!$B$19:$D$26,3,FALSE()), IF(F$2>KWANTIFICEERTABELLEN!B$30,VLOOKUP(Tabel2[[#This Row],[Tijd ]],KWANTIFICEERTABELLEN!$B$32:$D$39,3,FALSE()),))) -> 0.5 - 1 weken
B83: 98 | C83: Beiden | D83: Aeriusberekening valt ongunstig uit | E83: 1. Te hoge stikstofuitstoot door inzet van dieselmaterieel tijdens de uitvoering in de nabijheid van Natura 2000-gebieden; 2. Onvolledige of verouderde AERIUS-berekening die niet alle emissiebronnen of werkfasen dekt; 3. Wijzigingen in de materieellijst of het tracé na de initiële berekening, waardoor de uitkomst ongeldig wordt. | F83: 1. Een aanvullende Natura 2000-vergunning is vereist, wat de doorlooptijd van het project aanzienlijk verlengt; 2. Verplichte inzet van elektrisch materieel, met hogere kosten en beperktere beschikbaarheid; 3. Vertraging van de uitvoering doordat de AERIUS-berekening opnieuw moet worden ingediend en beoordeeld. | G83: Overgenomen uit risicodossier Zuiderdijkweg | H83: Voorstel | I83: Onno Cavalini | J83: Liander | K83: Bouwteam | R83: =IFERROR(Tabel2[[#This Row],[Kans]]*SUM(Tabel2[[#This Row],[Tijd]:[Omgeving]]),0) -> 0 | S83: =IF(F$2<KWANTIFICEERTABELLEN!B$17,_xlfn.XLOOKUP(Tabel2[[#This Row],[Kans]],KWANTIFICEERTABELLEN!$B$6:$B$13,KWANTIFICEERTABELLEN!I$6:I$13,),IF(AND(F$2>KWANTIFICEERTABELLEN!B$17,$F$2<KWANTIFICEERTABELLEN!B$30),_xlfn.XLOOKUP(Tabel2[[#This Row],[Kans]],KWANTIFICEERTABELLEN!$B$19:$B$26,KWANTIFICEERTABELLEN!I$19:I$26),IF(F$2>KWANTIFICEERTABELLEN!B$30,_xlfn.XLOOKUP(Tabel2[[#This Row],[Kans]],KWANTIFICEERTABELLEN!$B$32:$B$39,KWANTIFICEERTABELLEN!I$32:I$39)))) -> #N/A | U83: =IFERROR(Tabel2[[#This Row],[Kans ]]*Tabel2[[#This Row],[Geld ]],0) -> 0 | V83: 1. AERIUS-berekening vroegtijdig uitvoeren en toetsen aan de actuele en definitieve materieellijst; 2. Inzet van elektrisch materieel als standaard uitgangspunt hanteren om het stikstofrisico te minimaliseren; 3. Afstemming zoeken met de provincie over de beoordeling van de AERIUS-uitkomst voordat formeel wordt ingediend. | Z83: 3 | AA83: 3 | AB83: 4 | AC83: 2 | AD83: 1 | AE83: 1 | AF83: =IFERROR(Tabel2[[#This Row],[Kans ]]*SUM(Tabel2[[#This Row],[Tijd ]:[Omgeving ]]),0) -> 33 | AG83: =IF(F$2<KWANTIFICEERTABELLEN!B$17,_xlfn.XLOOKUP(Tabel2[[#This Row],[Kans ]],KWANTIFICEERTABELLEN!$B$6:$B$13,KWANTIFICEERTABELLEN!I$6:I$13,),IF(AND(F$2>KWANTIFICEERTABELLEN!B$17,$F$2<KWANTIFICEERTABELLEN!B$30),_xlfn.XLOOKUP(Tabel2[[#This Row],[Kans ]],KWANTIFICEERTABELLEN!$B$19:$B$26,KWANTIFICEERTABELLEN!I$19:I$26),IF(F$2>KWANTIFICEERTABELLEN!B$30,_xlfn.XLOOKUP(Tabel2[[#This Row],[Kans ]],KWANTIFICEERTABELLEN!$B$32:$B$39,KWANTIFICEERTABELLEN!I$32:I$39)))) -> 0.2 | AH83: =IF(F$2<KWANTIFICEERTABELLEN!B$17,_xlfn.XLOOKUP(Tabel2[[#This Row],[Geld ]],KWANTIFICEERTABELLEN!$B$6:$B$13,KWANTIFICEERTABELLEN!J$6:J$13,),IF(AND(F$2>KWANTIFICEERTABELLEN!B$17,$F$2<KWANTIFICEERTABELLEN!B$30),_xlfn.XLOOKUP(Tabel2[[#This Row],[Geld ]],KWANTIFICEERTABELLEN!$B$19:$B$26,KWANTIFICEERTABELLEN!J$19:J$26),IF(F$2>KWANTIFICEERTABELLEN!B$30,_xlfn.XLOOKUP(Tabel2[[#This Row],[Geld ]],KWANTIFICEERTABELLEN!$B$32:$B$39,KWANTIFICEERTABELLEN!J$32:J$39)))) -> 37500 | AI83: =IFERROR(Tabel2[[#This Row],[Kans ]]*Tabel2[[#This Row],[Rekenwaarde kosten]],0) -> 7500 | AJ83: =IF(F$2<KWANTIFICEERTABELLEN!B$4,VLOOKUP(Tabel2[[#This Row],[Tijd ]],KWANTIFICEERTABELLEN!$B$6:$D$13,3,FALSE()),IF(AND(F$2>KWANTIFICEERTABELLEN!B$4,$F$2<KWANTIFICEERTABELLEN!B$30),VLOOKUP(Tabel2[[#This Row],[Tijd ]],KWANTIFICEERTABELLEN!$B$19:$D$26,3,FALSE()),IF(F$2>KWANTIFICEERTABELLEN!B$30,VLOOKUP(Tabel2[[#This Row],[Tijd ]],KWANTIFICEERTABELLEN!$B$32:$D$39,3,FALSE()),))) -> 1 - 2 weken
B84: 53 | C84: Beiden | D84: Inefficiënt werken | E84: 1. Onvoldoende uitgewerkte werkplannen waardoor ad-hoc beslissingen nodig zijn op de werkvloer; 2. Gebrekkige afstemming en communicatie tussen uitvoering, werkvoorbereiding en projectleiding; 3. Onvoldoende inzicht bij uitvoerend personeel in de planning, afhankelijkheden en beschikbare capaciteit. | F84: 1. Lagere productiviteit, waardoor de geplande uitvoeringstermijn niet wordt gehaald; 2. Extra kosten door niet-productieve uren en herhaalbezoeken; 3. Verhoogde werkdruk met risico op kwaliteits- of veiligheidsincidenten. | H84: Vigerend | I84: Johan van Dronkelaar | J84: A.Hak | K84: Uitvoering | R84: =IFERROR(Tabel2[[#This Row],[Kans]]*SUM(Tabel2[[#This Row],[Tijd]:[Omgeving]]),0) -> 0 | V84: 1. Uitgewerkte werkplannen per activiteit opstellen vóór start uitvoering; 2. Korte dagelijkse afstemming (stand-up/toolbox) op de werkvloer over voortgang en knelpunten; 3. Prestatie-indicatoren bijhouden om inefficiëntie vroegtijdig te signaleren. 4. Regelmatig projectbezoek toezichthouder | X84: 1. Loopt 2. Loopt 3. Loopt 4. Loopt (zit in veligheidsbeleid) | Y84: 03-06-2026: Restrisico: Werkplannen worden niet gelezen en geïmplementeerd door personen/onderaannemers | Z84: 2 | AA84: 3 | AB84: 2 | AC84: 4 | AD84: 3 | AE84: 4 | AF84: =IFERROR(Tabel2[[#This Row],[Kans ]]*SUM(Tabel2[[#This Row],[Tijd ]:[Omgeving ]]),0) -> 32 | AG84: =VLOOKUP(Tabel2[[#This Row],[Kans ]],KWANTIFICEERTABELLEN!$B$19:$J$26,8,FALSE()) -> 0.1 | AH84: =IF(F$2<KWANTIFICEERTABELLEN!B$4,VLOOKUP(Tabel2[[#This Row],[Geld ]],KWANTIFICEERTABELLEN!$B$6:$J$13,9,FALSE()), IF(AND(F$2>KWANTIFICEERTABELLEN!B$4,$F$2<KWANTIFICEERTABELLEN!B$30),VLOOKUP(Tabel2[[#This Row],[Geld ]],KWANTIFICEERTABELLEN!$B$19:$J$26,9,FALSE()), IF(F$2>KWANTIFICEERTABELLEN!B$30,VLOOKUP(Tabel2[[#This Row],[Geld ]],KWANTIFICEERTABELLEN!$B$32:$J$39,9,FALSE()),))) -> 7500 | AI84: =IFERROR(Tabel2[[#This Row],[Kans ]]*Tabel2[[#This Row],[Rekenwaarde kosten]],0) -> 750 | AJ84: =IF(F$2<KWANTIFICEERTABELLEN!B$4,VLOOKUP(Tabel2[[#This Row],[Tijd ]],KWANTIFICEERTABELLEN!$B$6:$D$13,3,FALSE()), IF(AND(F$2>KWANTIFICEERTABELLEN!B$4,$F$2<KWANTIFICEERTABELLEN!B$30),VLOOKUP(Tabel2[[#This Row],[Tijd ]],KWANTIFICEERTABELLEN!$B$19:$D$26,3,FALSE()), IF(F$2>KWANTIFICEERTABELLEN!B$30,VLOOKUP(Tabel2[[#This Row],[Tijd ]],KWANTIFICEERTABELLEN!$B$32:$D$39,3,FALSE()),))) -> 1 - 2 weken
B85: 62 | C85: Beiden | D85: Geen overeenstemming over kostenraming uitvoering | E85: 1. Onvoldoende gedetailleerde of geactualiseerde kostenraming als basis voor onderhandelingen; 2. Scope is niet voldoende afgebakend, waardoor partijen verschillende interpretaties hanteren; 3. Marktomstandigheden en prijsstijgingen leiden tot discussie over de gehanteerde raming. | F85: 1. NAOK kan niet tijdig worden ondertekend, waardoor de IBN datum verschuift; 2. Langdurige onderhandelingen leiden tot extra kosten en vertragingen; 3. Risico op contractuele geschillen. | G85: Specifiek over inschrijfstaat. | H85: VIgerend | I85: Johan van Dronkelaar | J85: Liander | K85: NAOK | L85: 3 | M85: 3 | N85: 3 | O85: 1 | R85: =IFERROR(Tabel2[[#This Row],[Kans]]*SUM(Tabel2[[#This Row],[Tijd]:[Omgeving]]),0) -> 21 | V85: 1. Kostenraming vroegtijdig en gedegen uitwerken op basis van gedetailleerde scope en actuele marktprijzen; 2. Overeenstemming over de raming formaliseren vóór de NAOK-fase; 3. Transparante communicatie over kostenmutaties en scopewijzigingen gedurende het project. | X85: 1. Open 2. Open 3. Open | Y85: 03-06-2026: Discussie wordt kleiner door ervaring uit andere projecten. Projectspecfiek stemt Johan af met Aldo. Prijsafspraken moeten nog gemaakt worden. | Z85: 2 | AA85: 3 | AB85: 2 | AC85: 0 | AD85: 0 | AE85: 0 | AF85: =IFERROR(Tabel2[[#This Row],[Kans ]]*SUM(Tabel2[[#This Row],[Tijd ]:[Omgeving ]]),0) -> 10 | AG85: =VLOOKUP(Tabel2[[#This Row],[Kans ]],KWANTIFICEERTABELLEN!$B$19:$J$26,8,FALSE()) -> 0.1 | AH85: =IF(F$2<KWANTIFICEERTABELLEN!B$4,VLOOKUP(Tabel2[[#This Row],[Geld ]],KWANTIFICEERTABELLEN!$B$6:$J$13,9,FALSE()), IF(AND(F$2>KWANTIFICEERTABELLEN!B$4,$F$2<KWANTIFICEERTABELLEN!B$30),VLOOKUP(Tabel2[[#This Row],[Geld ]],KWANTIFICEERTABELLEN!$B$19:$J$26,9,FALSE()), IF(F$2>KWANTIFICEERTABELLEN!B$30,VLOOKUP(Tabel2[[#This Row],[Geld ]],KWANTIFICEERTABELLEN!$B$32:$J$39,9,FALSE()),))) -> 7500 | AI85: =IFERROR(Tabel2[[#This Row],[Kans ]]*Tabel2[[#This Row],[Rekenwaarde kosten]],0) -> 750 | AJ85: =IF(F$2<KWANTIFICEERTABELLEN!B$4,VLOOKUP(Tabel2[[#This Row],[Tijd ]],KWANTIFICEERTABELLEN!$B$6:$D$13,3,FALSE()), IF(AND(F$2>KWANTIFICEERTABELLEN!B$4,$F$2<KWANTIFICEERTABELLEN!B$30),VLOOKUP(Tabel2[[#This Row],[Tijd ]],KWANTIFICEERTABELLEN!$B$19:$D$26,3,FALSE()), IF(F$2>KWANTIFICEERTABELLEN!B$30,VLOOKUP(Tabel2[[#This Row],[Tijd ]],KWANTIFICEERTABELLEN!$B$32:$D$39,3,FALSE()),))) -> 1 - 2 weken
B86: 20 | C86: DP1 (Hoofdtracé) | D86: De MSR wordt niet geplaatst op de locatie zoals de perceeleigenaar verwacht | E86: 1. Onduidelijkheid over vigerende tekeningen 2. Miscommunicatie tussen omgeving - uitvoering - techniek | F86: 1. Onvrede, tegenwerken van perceeleigenaar 2. Mogelijke stagnatie 3. Herplaatsen station | H86: Actueel | I86: Onno Cavalini | J86: Bouwteam | K86: Uitvoering | L86: 5 | M86: 4 | N86: 2 | O86: 3 | P86: 0 | Q86: 1 | R86: =IFERROR(Tabel2[[#This Row],[Kans]]*SUM(Tabel2[[#This Row],[Tijd]:[Omgeving]]),0) -> 50 | S86: =IF(F$2<KWANTIFICEERTABELLEN!B$17,_xlfn.XLOOKUP(Tabel2[[#This Row],[Kans]],KWANTIFICEERTABELLEN!$B$6:$B$13,KWANTIFICEERTABELLEN!I$6:I$13,), IF(AND(F$2>KWANTIFICEERTABELLEN!B$17,$F$2<KWANTIFICEERTABELLEN!B$30),_xlfn.XLOOKUP(Tabel2[[#This Row],[Kans]],KWANTIFICEERTABELLEN!$B$19:$B$26,KWANTIFICEERTABELLEN!I$19:I$26), IF(F$2>KWANTIFICEERTABELLEN!B$30,_xlfn.XLOOKUP(Tabel2[[#This Row],[Kans]],KWANTIFICEERTABELLEN!$B$32:$B$39,KWANTIFICEERTABELLEN!I$32:I$39)))) -> 0.4 | V86: 1. Ruim voor plaatsing MSR piketpaaltjes slaan 2. Bewoners informeren over het feit dat de piketpaaltjes de toekomstige locatie van de MSR representeren | W86: 1. Aldo de Bock 2. Joosje Schaap | X86: 1. Open 2. Open | Z86: 3 | AA86: 4 | AB86: 2 | AC86: 3 | AD86: 0 | AE86: 1 | AF86: =IFERROR(Tabel2[[#This Row],[Kans ]]*SUM(Tabel2[[#This Row],[Tijd ]:[Omgeving ]]),0) -> 30 | AG86: =IF(F$2<KWANTIFICEERTABELLEN!B$17,_xlfn.XLOOKUP(Tabel2[[#This Row],[Kans ]],KWANTIFICEERTABELLEN!$B$6:$B$13,KWANTIFICEERTABELLEN!I$6:I$13,), IF(AND(F$2>KWANTIFICEERTABELLEN!B$17,$F$2<KWANTIFICEERTABELLEN!B$30),_xlfn.XLOOKUP(Tabel2[[#This Row],[Kans ]],KWANTIFICEERTABELLEN!$B$19:$B$26,KWANTIFICEERTABELLEN!I$19:I$26), IF(F$2>KWANTIFICEERTABELLEN!B$30,_xlfn.XLOOKUP(Tabel2[[#This Row],[Kans ]],KWANTIFICEERTABELLEN!$B$32:$B$39,KWANTIFICEERTABELLEN!I$32:I$39)))) -> 0.2 | AH86: =IF(F$2<KWANTIFICEERTABELLEN!B$17,_xlfn.XLOOKUP(Tabel2[[#This Row],[Geld ]],KWANTIFICEERTABELLEN!$B$6:$B$13,KWANTIFICEERTABELLEN!J$6:J$13,), IF(AND(F$2>KWANTIFICEERTABELLEN!B$17,$F$2<KWANTIFICEERTABELLEN!B$30),_xlfn.XLOOKUP(Tabel2[[#This Row],[Geld ]],KWANTIFICEERTABELLEN!$B$19:$B$26,KWANTIFICEERTABELLEN!J$19:J$26), IF(F$2>KWANTIFICEERTABELLEN!B$30,_xlfn.XLOOKUP(Tabel2[[#This Row],[Geld ]],KWANTIFICEERTABELLEN!$B$32:$B$39,KWANTIFICEERTABELLEN!J$32:J$39)))) -> 7500 | AI86: =IFERROR(Tabel2[[#This Row],[Kans ]]*Tabel2[[#This Row],[Rekenwaarde kosten]],0) -> 1500 | AJ86: =IF(F$2<KWANTIFICEERTABELLEN!B$4,VLOOKUP(Tabel2[[#This Row],[Tijd ]],KWANTIFICEERTABELLEN!$B$6:$D$13,3,FALSE()), IF(AND(F$2>KWANTIFICEERTABELLEN!B$4,$F$2<KWANTIFICEERTABELLEN!B$30),VLOOKUP(Tabel2[[#This Row],[Tijd ]],KWANTIFICEERTABELLEN!$B$19:$D$26,3,FALSE()), IF(F$2>KWANTIFICEERTABELLEN!B$30,VLOOKUP(Tabel2[[#This Row],[Tijd ]],KWANTIFICEERTABELLEN!$B$32:$D$39,3,FALSE()),))) -> 2 - 4 weken
B87: 75 | C87: Beiden | D87: Schade aan K&L door derden | E87: 1. Derden voeren graaf- of boorwerkzaamheden uit in de nabijheid van Liander-infrastructuur zonder adequate KLIC-melding; 2. Onjuiste of verouderde KLIC-gegevens bij externe partijen; 3. Onvoldoende coördinatie tussen Liander en partijen die gelijktijdig in het gebied werken. | F87: 1. Beschadiging of uitval van kabel- en leidinginfrastructuur van Liander; 2. Veiligheidsrisico's en mogelijke storingen voor afnemers; 3. Extra herstelkosten en vertraging in het project. | H87: Voorstel | I87: Onno Cavalini | J87: A.Hak | K87: Uitvoering | R87: =IFERROR(Tabel2[[#This Row],[Kans]]*SUM(Tabel2[[#This Row],[Tijd]:[Omgeving]]),0) -> 0 | S87: =IF(F$2<KWANTIFICEERTABELLEN!B$17,_xlfn.XLOOKUP(Tabel2[[#This Row],[Kans]],KWANTIFICEERTABELLEN!$B$6:$B$13,KWANTIFICEERTABELLEN!I$6:I$13,), IF(AND(F$2>KWANTIFICEERTABELLEN!B$17,$F$2<KWANTIFICEERTABELLEN!B$30),_xlfn.XLOOKUP(Tabel2[[#This Row],[Kans]],KWANTIFICEERTABELLEN!$B$19:$B$26,KWANTIFICEERTABELLEN!I$19:I$26), IF(F$2>KWANTIFICEERTABELLEN!B$30,_xlfn.XLOOKUP(Tabel2[[#This Row],[Kans]],KWANTIFICEERTABELLEN!$B$32:$B$39,KWANTIFICEERTABELLEN!I$32:I$39)))) -> #N/A | V87: 1. KLIC-meldingen monitoren in het projectgebied en externe partijen informeren over de aanwezige infrastructuur; 2. Coördinatieoverleg organiseren met gemeente en andere nutsbedrijven over gelijktijdige werkzaamheden; 3. Schadeprotocol gereedmaken voor snel ingrijpen bij incidenten. | Z87: 2 | AA87: 3 | AB87: 4 | AC87: 3 | AD87: 3 | AE87: 2 | AF87: =IFERROR(Tabel2[[#This Row],[Kans ]]*SUM(Tabel2[[#This Row],[Tijd ]:[Omgeving ]]),0) -> 30 | AG87: =IF(F$2<KWANTIFICEERTABELLEN!B$17,_xlfn.XLOOKUP(Tabel2[[#This Row],[Kans ]],KWANTIFICEERTABELLEN!$B$6:$B$13,KWANTIFICEERTABELLEN!I$6:I$13,), IF(AND(F$2>KWANTIFICEERTABELLEN!B$17,$F$2<KWANTIFICEERTABELLEN!B$30),_xlfn.XLOOKUP(Tabel2[[#This Row],[Kans ]],KWANTIFICEERTABELLEN!$B$19:$B$26,KWANTIFICEERTABELLEN!I$19:I$26), IF(F$2>KWANTIFICEERTABELLEN!B$30,_xlfn.XLOOKUP(Tabel2[[#This Row],[Kans ]],KWANTIFICEERTABELLEN!$B$32:$B$39,KWANTIFICEERTABELLEN!I$32:I$39)))) -> 0.1 | AH87: =IF(F$2<KWANTIFICEERTABELLEN!B$17,_xlfn.XLOOKUP(Tabel2[[#This Row],[Geld ]],KWANTIFICEERTABELLEN!$B$6:$B$13,KWANTIFICEERTABELLEN!J$6:J$13,), IF(AND(F$2>KWANTIFICEERTABELLEN!B$17,$F$2<KWANTIFICEERTABELLEN!B$30),_xlfn.XLOOKUP(Tabel2[[#This Row],[Geld ]],KWANTIFICEERTABELLEN!$B$19:$B$26,KWANTIFICEERTABELLEN!J$19:J$26), IF(F$2>KWANTIFICEERTABELLEN!B$30,_xlfn.XLOOKUP(Tabel2[[#This Row],[Geld ]],KWANTIFICEERTABELLEN!$B$32:$B$39,KWANTIFICEERTABELLEN!J$32:J$39)))) -> 37500 | AI87: =IFERROR(Tabel2[[#This Row],[Kans ]]*Tabel2[[#This Row],[Rekenwaarde kosten]],0) -> 3750 | AJ87: =IF(F$2<KWANTIFICEERTABELLEN!B$4,VLOOKUP(Tabel2[[#This Row],[Tijd ]],KWANTIFICEERTABELLEN!$B$6:$D$13,3,FALSE()), IF(AND(F$2>KWANTIFICEERTABELLEN!B$4,$F$2<KWANTIFICEERTABELLEN!B$30),VLOOKUP(Tabel2[[#This Row],[Tijd ]],KWANTIFICEERTABELLEN!$B$19:$D$26,3,FALSE()), IF(F$2>KWANTIFICEERTABELLEN!B$30,VLOOKUP(Tabel2[[#This Row],[Tijd ]],KWANTIFICEERTABELLEN!$B$32:$D$39,3,FALSE()),))) -> 1 - 2 weken
B88: 70 | C88: Beiden | D88: Archeologische vondsten | E88: 1. Onvolledig of beperkt archeologisch vooronderzoek waardoor niet alle risicovolle zones zijn afgedekt; 2. Historisch waardevol gebied waarvan de archeologische verwachting wordt onderschat; 3. Afwijkingen in uitvoering (dieper of breder graven dan onderzocht). | F88: 1. Directe stillegging van werkzaamheden vanwege de wettelijke archeologische beschermingsplicht; 2. Vertraging door aanvullend onderzoek, documentatie en eventuele tracéaanpassingen; 3. Extra kosten voor onderzoek en ontwerp- of planaanpassingen. | H88: Voorstel | I88: Onno Cavalini | J88: Liander | K88: Uitvoering | R88: =IFERROR(Tabel2[[#This Row],[Kans]]*SUM(Tabel2[[#This Row],[Tijd]:[Omgeving]]),0) -> 0 | S88: =IF(F$2<KWANTIFICEERTABELLEN!B$17,_xlfn.XLOOKUP(Tabel2[[#This Row],[Kans]],KWANTIFICEERTABELLEN!$B$6:$B$13,KWANTIFICEERTABELLEN!I$6:I$13,), IF(AND(F$2>KWANTIFICEERTABELLEN!B$17,$F$2<KWANTIFICEERTABELLEN!B$30),_xlfn.XLOOKUP(Tabel2[[#This Row],[Kans]],KWANTIFICEERTABELLEN!$B$19:$B$26,KWANTIFICEERTABELLEN!I$19:I$26), IF(F$2>KWANTIFICEERTABELLEN!B$30,_xlfn.XLOOKUP(Tabel2[[#This Row],[Kans]],KWANTIFICEERTABELLEN!$B$32:$B$39,KWANTIFICEERTABELLEN!I$32:I$39)))) -> #N/A | V88: 1. Uitvoeren en toetsen van archeologisch vooronderzoek passend bij het tracé en de graafdiepte; 2. Archeologische randvoorwaarden opnemen in werkplannen en V&G-plan; 3. Instructie aan uitvoerend personeel over herkenning en meldplicht bij archeologische vondsten. | Z88: 2 | AA88: 4 | AB88: 4 | AC88: 2 | AD88: 0 | AE88: 4 | AF88: =IFERROR(Tabel2[[#This Row],[Kans ]]*SUM(Tabel2[[#This Row],[Tijd ]:[Omgeving ]]),0) -> 28 | AG88: =IF(F$2<KWANTIFICEERTABELLEN!B$17,_xlfn.XLOOKUP(Tabel2[[#This Row],[Kans ]],KWANTIFICEERTABELLEN!$B$6:$B$13,KWANTIFICEERTABELLEN!I$6:I$13,), IF(AND(F$2>KWANTIFICEERTABELLEN!B$17,$F$2<KWANTIFICEERTABELLEN!B$30),_xlfn.XLOOKUP(Tabel2[[#This Row],[Kans ]],KWANTIFICEERTABELLEN!$B$19:$B$26,KWANTIFICEERTABELLEN!I$19:I$26), IF(F$2>KWANTIFICEERTABELLEN!B$30,_xlfn.XLOOKUP(Tabel2[[#This Row],[Kans ]],KWANTIFICEERTABELLEN!$B$32:$B$39,KWANTIFICEERTABELLEN!I$32:I$39)))) -> 0.1 | AH88: =IF(F$2<KWANTIFICEERTABELLEN!B$17,_xlfn.XLOOKUP(Tabel2[[#This Row],[Geld ]],KWANTIFICEERTABELLEN!$B$6:$B$13,KWANTIFICEERTABELLEN!J$6:J$13,), IF(AND(F$2>KWANTIFICEERTABELLEN!B$17,$F$2<KWANTIFICEERTABELLEN!B$30),_xlfn.XLOOKUP(Tabel2[[#This Row],[Geld ]],KWANTIFICEERTABELLEN!$B$19:$B$26,KWANTIFICEERTABELLEN!J$19:J$26), IF(F$2>KWANTIFICEERTABELLEN!B$30,_xlfn.XLOOKUP(Tabel2[[#This Row],[Geld ]],KWANTIFICEERTABELLEN!$B$32:$B$39,KWANTIFICEERTABELLEN!J$32:J$39)))) -> 37500 | AI88: =IFERROR(Tabel2[[#This Row],[Kans ]]*Tabel2[[#This Row],[Rekenwaarde kosten]],0) -> 3750 | AJ88: =IF(F$2<KWANTIFICEERTABELLEN!B$4,VLOOKUP(Tabel2[[#This Row],[Tijd ]],KWANTIFICEERTABELLEN!$B$6:$D$13,3,FALSE()), IF(AND(F$2>KWANTIFICEERTABELLEN!B$4,$F$2<KWANTIFICEERTABELLEN!B$30),VLOOKUP(Tabel2[[#This Row],[Tijd ]],KWANTIFICEERTABELLEN!$B$19:$D$26,3,FALSE()), IF(F$2>KWANTIFICEERTABELLEN!B$30,VLOOKUP(Tabel2[[#This Row],[Tijd ]],KWANTIFICEERTABELLEN!$B$32:$D$39,3,FALSE()),))) -> 2 - 4 weken
B89: 74 | C89: Beiden | D89: Werkstrook blijkt niet breed genoeg | E89: 1. Onvoldoende ruimte door aanwezige bebouwing, infrastructuur of perceelgrenzen; 2. Werkstrookafspraken of vergunningsvoorwaarden niet correct vertaald naar de uitvoering; 3. Afwijkingen ten opzichte van het ontwerp of obstakels die pas tijdens uitvoering zichtbaar worden. | F89: 1. Onveilige werksituaties door beperkte manoeuvreerruimte voor personeel en materieel; 2. Belemmering van werkzaamheden, leidend tot vertraging en inefficiënte uitvoering; 3. Kwaliteitsrisico's of schade aan de omgeving en bestaande infrastructuur. | H89: Voorstel | I89: Onno Cavalini | J89: A.Hak | K89: Uitvoering | R89: =IFERROR(Tabel2[[#This Row],[Kans]]*SUM(Tabel2[[#This Row],[Tijd]:[Omgeving]]),0) -> 0 | S89: =IF(F$2<KWANTIFICEERTABELLEN!B$17,_xlfn.XLOOKUP(Tabel2[[#This Row],[Kans]],KWANTIFICEERTABELLEN!$B$6:$B$13,KWANTIFICEERTABELLEN!I$6:I$13,), IF(AND(F$2>KWANTIFICEERTABELLEN!B$17,$F$2<KWANTIFICEERTABELLEN!B$30),_xlfn.XLOOKUP(Tabel2[[#This Row],[Kans]],KWANTIFICEERTABELLEN!$B$19:$B$26,KWANTIFICEERTABELLEN!I$19:I$26), IF(F$2>KWANTIFICEERTABELLEN!B$30,_xlfn.XLOOKUP(Tabel2[[#This Row],[Kans]],KWANTIFICEERTABELLEN!$B$32:$B$39,KWANTIFICEERTABELLEN!I$32:I$39)))) -> #N/A | V89: 1. Werkstrookbreedte tijdig toetsen aan het ontwerp, vergunningen en uitvoeringsmethoden; 2. Werkstrookafspraken expliciet vastleggen en communiceren naar uitvoering en onderaannemers; 3. Alternatieve werkmethoden of fasering voorbereiden bij beperkte ruimte. | Z89: 2 | AA89: 2 | AB89: 2 | AC89: 3 | AD89: 5 | AE89: 2 | AF89: =IFERROR(Tabel2[[#This Row],[Kans ]]*SUM(Tabel2[[#This Row],[Tijd ]:[Omgeving ]]),0) -> 28 | AG89: =IF(F$2<KWANTIFICEERTABELLEN!B$17,_xlfn.XLOOKUP(Tabel2[[#This Row],[Kans ]],KWANTIFICEERTABELLEN!$B$6:$B$13,KWANTIFICEERTABELLEN!I$6:I$13,), IF(AND(F$2>KWANTIFICEERTABELLEN!B$17,$F$2<KWANTIFICEERTABELLEN!B$30),_xlfn.XLOOKUP(Tabel2[[#This Row],[Kans ]],KWANTIFICEERTABELLEN!$B$19:$B$26,KWANTIFICEERTABELLEN!I$19:I$26), IF(F$2>KWANTIFICEERTABELLEN!B$30,_xlfn.XLOOKUP(Tabel2[[#This Row],[Kans ]],KWANTIFICEERTABELLEN!$B$32:$B$39,KWANTIFICEERTABELLEN!I$32:I$39)))) -> 0.1 | AH89: =IF(F$2<KWANTIFICEERTABELLEN!B$17,_xlfn.XLOOKUP(Tabel2[[#This Row],[Geld ]],KWANTIFICEERTABELLEN!$B$6:$B$13,KWANTIFICEERTABELLEN!J$6:J$13,), IF(AND(F$2>KWANTIFICEERTABELLEN!B$17,$F$2<KWANTIFICEERTABELLEN!B$30),_xlfn.XLOOKUP(Tabel2[[#This Row],[Geld ]],KWANTIFICEERTABELLEN!$B$19:$B$26,KWANTIFICEERTABELLEN!J$19:J$26), IF(F$2>KWANTIFICEERTABELLEN!B$30,_xlfn.XLOOKUP(Tabel2[[#This Row],[Geld ]],KWANTIFICEERTABELLEN!$B$32:$B$39,KWANTIFICEERTABELLEN!J$32:J$39)))) -> 7500 | AI89: =IFERROR(Tabel2[[#This Row],[Kans ]]*Tabel2[[#This Row],[Rekenwaarde kosten]],0) -> 750 | AJ89: =IF(F$2<KWANTIFICEERTABELLEN!B$4,VLOOKUP(Tabel2[[#This Row],[Tijd ]],KWANTIFICEERTABELLEN!$B$6:$D$13,3,FALSE()), IF(AND(F$2>KWANTIFICEERTABELLEN!B$4,$F$2<KWANTIFICEERTABELLEN!B$30),VLOOKUP(Tabel2[[#This Row],[Tijd ]],KWANTIFICEERTABELLEN!$B$19:$D$26,3,FALSE()), IF(F$2>KWANTIFICEERTABELLEN!B$30,VLOOKUP(Tabel2[[#This Row],[Tijd ]],KWANTIFICEERTABELLEN!$B$32:$D$39,3,FALSE()),))) -> 0.5 - 1 weken
B90: 77 | C90: Beiden | D90: Medische ongevallen | E90: 1. Onvoldoende naleving van veiligheidsmaatregelen en werkprocedures door personeel; 2. Onveilige werkomstandigheden (beperkte werkruimte, verkeer, weersinvloeden, hoogspanning); 3. Onvoldoende toezicht, instructie of ervaring van uitvoerend personeel. | F90: 1. Letsel of gezondheidsschade bij medewerkers of derden; 2. Stillegging van werkzaamheden door onderzoek of ingrijpen van toezichthouders; 3. Vertraging, extra kosten, mogelijke claims en reputatieschade. | H90: Voorstel | I90: Onno Cavalini | J90: A.Hak | K90: Uitvoering | R90: =IFERROR(Tabel2[[#This Row],[Kans]]*SUM(Tabel2[[#This Row],[Tijd]:[Omgeving]]),0) -> 0 | S90: =IF(F$2<KWANTIFICEERTABELLEN!B$17,_xlfn.XLOOKUP(Tabel2[[#This Row],[Kans]],KWANTIFICEERTABELLEN!$B$6:$B$13,KWANTIFICEERTABELLEN!I$6:I$13,), IF(AND(F$2>KWANTIFICEERTABELLEN!B$17,$F$2<KWANTIFICEERTABELLEN!B$30),_xlfn.XLOOKUP(Tabel2[[#This Row],[Kans]],KWANTIFICEERTABELLEN!$B$19:$B$26,KWANTIFICEERTABELLEN!I$19:I$26), IF(F$2>KWANTIFICEERTABELLEN!B$30,_xlfn.XLOOKUP(Tabel2[[#This Row],[Kans]],KWANTIFICEERTABELLEN!$B$32:$B$39,KWANTIFICEERTABELLEN!I$32:I$39)))) -> #N/A | V90: 1. Uitgewerkt en actueel V&G-plan met project- en taakspecifieke risico's; 2. Regelmatige toolboxmeetings en duidelijke veiligheidsinstructies voor alle betrokkenen; 3. Voldoende toezicht op de werkplek door bevoegde en aanwezige leidinggevenden. | Z90: 2 | AA90: 2 | AB90: 2 | AC90: 1 | AD90: 6 | AE90: 3 | AF90: =IFERROR(Tabel2[[#This Row],[Kans ]]*SUM(Tabel2[[#This Row],[Tijd ]:[Omgeving ]]),0) -> 28 | AG90: =IF(F$2<KWANTIFICEERTABELLEN!B$17,_xlfn.XLOOKUP(Tabel2[[#This Row],[Kans ]],KWANTIFICEERTABELLEN!$B$6:$B$13,KWANTIFICEERTABELLEN!I$6:I$13,), IF(AND(F$2>KWANTIFICEERTABELLEN!B$17,$F$2<KWANTIFICEERTABELLEN!B$30),_xlfn.XLOOKUP(Tabel2[[#This Row],[Kans ]],KWANTIFICEERTABELLEN!$B$19:$B$26,KWANTIFICEERTABELLEN!I$19:I$26), IF(F$2>KWANTIFICEERTABELLEN!B$30,_xlfn.XLOOKUP(Tabel2[[#This Row],[Kans ]],KWANTIFICEERTABELLEN!$B$32:$B$39,KWANTIFICEERTABELLEN!I$32:I$39)))) -> 0.1 | AH90: =IF(F$2<KWANTIFICEERTABELLEN!B$17,_xlfn.XLOOKUP(Tabel2[[#This Row],[Geld ]],KWANTIFICEERTABELLEN!$B$6:$B$13,KWANTIFICEERTABELLEN!J$6:J$13,), IF(AND(F$2>KWANTIFICEERTABELLEN!B$17,$F$2<KWANTIFICEERTABELLEN!B$30),_xlfn.XLOOKUP(Tabel2[[#This Row],[Geld ]],KWANTIFICEERTABELLEN!$B$19:$B$26,KWANTIFICEERTABELLEN!J$19:J$26), IF(F$2>KWANTIFICEERTABELLEN!B$30,_xlfn.XLOOKUP(Tabel2[[#This Row],[Geld ]],KWANTIFICEERTABELLEN!$B$32:$B$39,KWANTIFICEERTABELLEN!J$32:J$39)))) -> 7500 | AI90: =IFERROR(Tabel2[[#This Row],[Kans ]]*Tabel2[[#This Row],[Rekenwaarde kosten]],0) -> 750 | AJ90: =IF(F$2<KWANTIFICEERTABELLEN!B$4,VLOOKUP(Tabel2[[#This Row],[Tijd ]],KWANTIFICEERTABELLEN!$B$6:$D$13,3,FALSE()), IF(AND(F$2>KWANTIFICEERTABELLEN!B$4,$F$2<KWANTIFICEERTABELLEN!B$30),VLOOKUP(Tabel2[[#This Row],[Tijd ]],KWANTIFICEERTABELLEN!$B$19:$D$26,3,FALSE()), IF(F$2>KWANTIFICEERTABELLEN!B$30,VLOOKUP(Tabel2[[#This Row],[Tijd ]],KWANTIFICEERTABELLEN!$B$32:$D$39,3,FALSE()),))) -> 0.5 - 1 weken
B91: 57 | C91: DP1 (Hoofdtracé) | D91: Tussensituatie blokkenschema niet tijdig gereed | E91: 1. Begin- en eindsituatie niet tijdig aangeleverd door Liander; 2. Onvoldoende capaciteit bij de werkverantwoordelijke voor het opstellen van het blokkenschema; 3. Complexiteit van de tussentijdse netconfiguratie vereist meer doorlooptijd dan voorzien. | F91: 1. Tollgate kan niet tijdig worden gepasseerd door het ontbrekende blokkenschema; 2. Schakelwerkzaamheden moeten worden uitgesteld, wat de uitvoering vertraagt; 3. Extra kosten door herplanning van personeel en materieel. | H91: Voorstel | I91: Frederik Leemkuil | J91: Liander | K91: Bouwteam | R91: =IFERROR(Tabel2[[#This Row],[Kans]]*SUM(Tabel2[[#This Row],[Tijd]:[Omgeving]]),0) -> 0 | V91: 1. Begin- en eindsituatie tijdig aanvragen en borgen bij Liander; 2. WV'er vroegtijdig betrekken bij het opstellen van het blokkenschema; 3. Voortgang van het blokkenschema opvolgen in het wekelijkse projectoverleg. | Z91: 3 | AA91: 3 | AB91: 2 | AC91: 3 | AD91: 0 | AE91: 1 | AF91: =IFERROR(Tabel2[[#This Row],[Kans ]]*SUM(Tabel2[[#This Row],[Tijd ]:[Omgeving ]]),0) -> 27 | AG91: =VLOOKUP(Tabel2[[#This Row],[Kans ]],KWANTIFICEERTABELLEN!$B$19:$J$26,8,FALSE()) -> 0.2 | AH91: =IF(F$2<KWANTIFICEERTABELLEN!B$4,VLOOKUP(Tabel2[[#This Row],[Geld ]],KWANTIFICEERTABELLEN!$B$6:$J$13,9,FALSE()), IF(AND(F$2>KWANTIFICEERTABELLEN!B$4,$F$2<KWANTIFICEERTABELLEN!B$30),VLOOKUP(Tabel2[[#This Row],[Geld ]],KWANTIFICEERTABELLEN!$B$19:$J$26,9,FALSE()), IF(F$2>KWANTIFICEERTABELLEN!B$30,VLOOKUP(Tabel2[[#This Row],[Geld ]],KWANTIFICEERTABELLEN!$B$32:$J$39,9,FALSE()),))) -> 7500 | AI91: =IFERROR(Tabel2[[#This Row],[Kans ]]*Tabel2[[#This Row],[Rekenwaarde kosten]],0) -> 1500 | AJ91: =IF(F$2<KWANTIFICEERTABELLEN!B$4,VLOOKUP(Tabel2[[#This Row],[Tijd ]],KWANTIFICEERTABELLEN!$B$6:$D$13,3,FALSE()), IF(AND(F$2>KWANTIFICEERTABELLEN!B$4,$F$2<KWANTIFICEERTABELLEN!B$30),VLOOKUP(Tabel2[[#This Row],[Tijd ]],KWANTIFICEERTABELLEN!$B$19:$D$26,3,FALSE()), IF(F$2>KWANTIFICEERTABELLEN!B$30,VLOOKUP(Tabel2[[#This Row],[Tijd ]],KWANTIFICEERTABELLEN!$B$32:$D$39,3,FALSE()),))) -> 1 - 2 weken
B92: 92 | C92: DP1 (Hoofdtracé) | D92: Onvoldoende capaciteit boringen | E92: 1. Beperkt aantal beschikbare boormachines of gecertificeerde boorders voor dit project; 2. Concurrentie met andere projecten voor dezelfde boorcapaciteit; 3. Onvoorziene technische problemen of storingen waardoor de booractiviteiten worden vertraagd. | F92: 1. Vertraging van de boorfase met impact op de totale projectplanning en IBN datum; 2. Extra kosten door spoedinhuur van boorcapaciteit of herhaalbezoeken; 3. Verhoogd risico op fouten of kwaliteitsproblemen bij tijdsdruk. | H92: Voorstel | I92: Onno Cavalini | J92: A.Hak | K92: Uitvoering | R92: =IFERROR(Tabel2[[#This Row],[Kans]]*SUM(Tabel2[[#This Row],[Tijd]:[Omgeving]]),0) -> 0 | S92: =IF(F$2<KWANTIFICEERTABELLEN!B$17,_xlfn.XLOOKUP(Tabel2[[#This Row],[Kans]],KWANTIFICEERTABELLEN!$B$6:$B$13,KWANTIFICEERTABELLEN!I$6:I$13,), IF(AND(F$2>KWANTIFICEERTABELLEN!B$17,$F$2<KWANTIFICEERTABELLEN!B$30),_xlfn.XLOOKUP(Tabel2[[#This Row],[Kans]],KWANTIFICEERTABELLEN!$B$19:$B$26,KWANTIFICEERTABELLEN!I$19:I$26), IF(F$2>KWANTIFICEERTABELLEN!B$30,_xlfn.XLOOKUP(Tabel2[[#This Row],[Kans]],KWANTIFICEERTABELLEN!$B$32:$B$39,KWANTIFICEERTABELLEN!I$32:I$39)))) -> #N/A | V92: 1. Boorcapaciteit tijdig reserveren en contractueel vastleggen in de voorbereidingsfase; 2. Afstemmen met andere projecten over beschikbaarheid en prioriteiten; 3. Reservecapaciteit bij een alternatieve boorpartij identificeren als achtervang bij uitval. | Z92: 3 | AA92: 4 | AB92: 3 | AC92: 2 | AD92: 0 | AE92: 0 | AF92: =IFERROR(Tabel2[[#This Row],[Kans ]]*SUM(Tabel2[[#This Row],[Tijd ]:[Omgeving ]]),0) -> 27 | AG92: =IF(F$2<KWANTIFICEERTABELLEN!B$17,_xlfn.XLOOKUP(Tabel2[[#This Row],[Kans ]],KWANTIFICEERTABELLEN!$B$6:$B$13,KWANTIFICEERTABELLEN!I$6:I$13,), IF(AND(F$2>KWANTIFICEERTABELLEN!B$17,$F$2<KWANTIFICEERTABELLEN!B$30),_xlfn.XLOOKUP(Tabel2[[#This Row],[Kans ]],KWANTIFICEERTABELLEN!$B$19:$B$26,KWANTIFICEERTABELLEN!I$19:I$26), IF(F$2>KWANTIFICEERTABELLEN!B$30,_xlfn.XLOOKUP(Tabel2[[#This Row],[Kans ]],KWANTIFICEERTABELLEN!$B$32:$B$39,KWANTIFICEERTABELLEN!I$32:I$39)))) -> 0.2 | AH92: =IF(F$2<KWANTIFICEERTABELLEN!B$17,_xlfn.XLOOKUP(Tabel2[[#This Row],[Geld ]],KWANTIFICEERTABELLEN!$B$6:$B$13,KWANTIFICEERTABELLEN!J$6:J$13,), IF(AND(F$2>KWANTIFICEERTABELLEN!B$17,$F$2<KWANTIFICEERTABELLEN!B$30),_xlfn.XLOOKUP(Tabel2[[#This Row],[Geld ]],KWANTIFICEERTABELLEN!$B$19:$B$26,KWANTIFICEERTABELLEN!J$19:J$26), IF(F$2>KWANTIFICEERTABELLEN!B$30,_xlfn.XLOOKUP(Tabel2[[#This Row],[Geld ]],KWANTIFICEERTABELLEN!$B$32:$B$39,KWANTIFICEERTABELLEN!J$32:J$39)))) -> 17500 | AI92: =IFERROR(Tabel2[[#This Row],[Kans ]]*Tabel2[[#This Row],[Rekenwaarde kosten]],0) -> 3500 | AJ92: =IF(F$2<KWANTIFICEERTABELLEN!B$4,VLOOKUP(Tabel2[[#This Row],[Tijd ]],KWANTIFICEERTABELLEN!$B$6:$D$13,3,FALSE()), IF(AND(F$2>KWANTIFICEERTABELLEN!B$4,$F$2<KWANTIFICEERTABELLEN!B$30),VLOOKUP(Tabel2[[#This Row],[Tijd ]],KWANTIFICEERTABELLEN!$B$19:$D$26,3,FALSE()), IF(F$2>KWANTIFICEERTABELLEN!B$30,VLOOKUP(Tabel2[[#This Row],[Tijd ]],KWANTIFICEERTABELLEN!$B$32:$D$39,3,FALSE()),))) -> 2 - 4 weken
B93: 52 | C93: Beiden | D93: Last minute aanpassingen aan opleverdocumentatie | E93: Niet tijdig bevriezen documenten | F93: 1. Kwaliteit daalt door 'stress' factoren 2. Mogelijk verlate indieningen | H93: Voorstel | I93: Wouter Busstra | J93: A.Hak | K93: Bouwteam | R93: =IFERROR(Tabel2[[#This Row],[Kans]]*SUM(Tabel2[[#This Row],[Tijd]:[Omgeving]]),0) -> 0 | V93: 1. Reminders definitief maken documentatie 2. Vroegtijdig klaarzetten documentatie | W93: 1. WBU 2. Allen | X93: 1. Afgerond 2. Ongoing | Z93: 4 | AA93: 3 | AB93: 2 | AC93: 1 | AD93: 0 | AE93: 0 | AF93: =IFERROR(Tabel2[[#This Row],[Kans ]]*SUM(Tabel2[[#This Row],[Tijd ]:[Omgeving ]]),0) -> 24 | AG93: =VLOOKUP(Tabel2[[#This Row],[Kans ]],KWANTIFICEERTABELLEN!$B$19:$J$26,8,FALSE()) -> 0.3 | AH93: =IF(F$2<KWANTIFICEERTABELLEN!B$4,VLOOKUP(Tabel2[[#This Row],[Geld ]],KWANTIFICEERTABELLEN!$B$6:$J$13,9,FALSE()), IF(AND(F$2>KWANTIFICEERTABELLEN!B$4,$F$2<KWANTIFICEERTABELLEN!B$30),VLOOKUP(Tabel2[[#This Row],[Geld ]],KWANTIFICEERTABELLEN!$B$19:$J$26,9,FALSE()), IF(F$2>KWANTIFICEERTABELLEN!B$30,VLOOKUP(Tabel2[[#This Row],[Geld ]],KWANTIFICEERTABELLEN!$B$32:$J$39,9,FALSE()),))) -> 7500 | AI93: =IFERROR(Tabel2[[#This Row],[Kans ]]*Tabel2[[#This Row],[Rekenwaarde kosten]],0) -> 2250 | AJ93: =IF(F$2<KWANTIFICEERTABELLEN!B$4,VLOOKUP(Tabel2[[#This Row],[Tijd ]],KWANTIFICEERTABELLEN!$B$6:$D$13,3,FALSE()), IF(AND(F$2>KWANTIFICEERTABELLEN!B$4,$F$2<KWANTIFICEERTABELLEN!B$30),VLOOKUP(Tabel2[[#This Row],[Tijd ]],KWANTIFICEERTABELLEN!$B$19:$D$26,3,FALSE()), IF(F$2>KWANTIFICEERTABELLEN!B$30,VLOOKUP(Tabel2[[#This Row],[Tijd ]],KWANTIFICEERTABELLEN!$B$32:$D$39,3,FALSE()),))) -> 1 - 2 weken
B94: 67 | C94: DP1 (Hoofdtracé) | D94: Aansluitkabel moet opnieuw in de woning ingevoerd worden | E94: 1. Bestaande situatie is anders dan op tekening | F94: 1. Maken nieuwe invoering 2. Mogelijk kabel niet te realiseren 3. Niet aan kunnen sluiten | H94: Actueel | I94: Onno Cavalini | J94: Liander | K94: Uitvoering | L94: 6 | M94: 1 | N94: 1 | O94: 3 | P94: 0 | Q94: 0 | R94: =IFERROR(Tabel2[[#This Row],[Kans]]*SUM(Tabel2[[#This Row],[Tijd]:[Omgeving]]),0) -> 30 | S94: =IF(F$2<KWANTIFICEERTABELLEN!B$17,_xlfn.XLOOKUP(Tabel2[[#This Row],[Kans]],KWANTIFICEERTABELLEN!$B$6:$B$13,KWANTIFICEERTABELLEN!I$6:I$13,), IF(AND(F$2>KWANTIFICEERTABELLEN!B$17,$F$2<KWANTIFICEERTABELLEN!B$30),_xlfn.XLOOKUP(Tabel2[[#This Row],[Kans]],KWANTIFICEERTABELLEN!$B$19:$B$26,KWANTIFICEERTABELLEN!I$19:I$26), IF(F$2>KWANTIFICEERTABELLEN!B$30,_xlfn.XLOOKUP(Tabel2[[#This Row],[Kans]],KWANTIFICEERTABELLEN!$B$32:$B$39,KWANTIFICEERTABELLEN!I$32:I$39)))) -> 0.5 | V94: 1. Iedere aansluiting schouwen, of foto's aanleveren door bewoners | Z94: 6 | AA94: 0 | AB94: 1 | AC94: 3 | AD94: 0 | AE94: 0 | AF94: =IFERROR(Tabel2[[#This Row],[Kans ]]*SUM(Tabel2[[#This Row],[Tijd ]:[Omgeving ]]),0) -> 24 | AG94: =IF(F$2<KWANTIFICEERTABELLEN!B$17,_xlfn.XLOOKUP(Tabel2[[#This Row],[Kans ]],KWANTIFICEERTABELLEN!$B$6:$B$13,KWANTIFICEERTABELLEN!I$6:I$13,), IF(AND(F$2>KWANTIFICEERTABELLEN!B$17,$F$2<KWANTIFICEERTABELLEN!B$30),_xlfn.XLOOKUP(Tabel2[[#This Row],[Kans ]],KWANTIFICEERTABELLEN!$B$19:$B$26,KWANTIFICEERTABELLEN!I$19:I$26), IF(F$2>KWANTIFICEERTABELLEN!B$30,_xlfn.XLOOKUP(Tabel2[[#This Row],[Kans ]],KWANTIFICEERTABELLEN!$B$32:$B$39,KWANTIFICEERTABELLEN!I$32:I$39)))) -> 0.5 | AH94: =IF(F$2<KWANTIFICEERTABELLEN!B$17,_xlfn.XLOOKUP(Tabel2[[#This Row],[Geld ]],KWANTIFICEERTABELLEN!$B$6:$B$13,KWANTIFICEERTABELLEN!J$6:J$13,), IF(AND(F$2>KWANTIFICEERTABELLEN!B$17,$F$2<KWANTIFICEERTABELLEN!B$30),_xlfn.XLOOKUP(Tabel2[[#This Row],[Geld ]],KWANTIFICEERTABELLEN!$B$19:$B$26,KWANTIFICEERTABELLEN!J$19:J$26), IF(F$2>KWANTIFICEERTABELLEN!B$30,_xlfn.XLOOKUP(Tabel2[[#This Row],[Geld ]],KWANTIFICEERTABELLEN!$B$32:$B$39,KWANTIFICEERTABELLEN!J$32:J$39)))) -> 2500 | AI94: =IFERROR(Tabel2[[#This Row],[Kans ]]*Tabel2[[#This Row],[Rekenwaarde kosten]],0) -> 1250 | AJ94: =IF(F$2<KWANTIFICEERTABELLEN!B$4,VLOOKUP(Tabel2[[#This Row],[Tijd ]],KWANTIFICEERTABELLEN!$B$6:$D$13,3,FALSE()), IF(AND(F$2>KWANTIFICEERTABELLEN!B$4,$F$2<KWANTIFICEERTABELLEN!B$30),VLOOKUP(Tabel2[[#This Row],[Tijd ]],KWANTIFICEERTABELLEN!$B$19:$D$26,3,FALSE()), IF(F$2>KWANTIFICEERTABELLEN!B$30,VLOOKUP(Tabel2[[#This Row],[Tijd ]],KWANTIFICEERTABELLEN!$B$32:$D$39,3,FALSE()),))) -> Geen impact
B95: 81 | C95: Beiden | D95: Schade aan particuliere percelen | E95: 1. Bodemverdichting of structuurschade door inzet van zwaar materieel, met name bij natte omstandigheden; 2. Onvoldoende inzicht in bodemopbouw en grondgebruik per perceel; 3. Afwijkingen van afgesproken rijroutes en werkstroken tijdens de uitvoering. | F95: 1. Aantasting van bodemkwaliteit en gebruikswaarde (opbrengstverlies, verminderde draagkracht); 2. Schadeclaims en herstelverplichtingen richting perceeleigenaren; 3. Vertraging door conflicten, herstelmaatregelen of beperkte toegang tot het perceel. | H95: Voorstel | I95: Onno Cavalini | J95: A.Hak | K95: Uitvoering | R95: =IFERROR(Tabel2[[#This Row],[Kans]]*SUM(Tabel2[[#This Row],[Tijd]:[Omgeving]]),0) -> 0 | S95: =IF(F$2<KWANTIFICEERTABELLEN!B$17,_xlfn.XLOOKUP(Tabel2[[#This Row],[Kans]],KWANTIFICEERTABELLEN!$B$6:$B$13,KWANTIFICEERTABELLEN!I$6:I$13,), IF(AND(F$2>KWANTIFICEERTABELLEN!B$17,$F$2<KWANTIFICEERTABELLEN!B$30),_xlfn.XLOOKUP(Tabel2[[#This Row],[Kans]],KWANTIFICEERTABELLEN!$B$19:$B$26,KWANTIFICEERTABELLEN!I$19:I$26), IF(F$2>KWANTIFICEERTABELLEN!B$30,_xlfn.XLOOKUP(Tabel2[[#This Row],[Kans]],KWANTIFICEERTABELLEN!$B$32:$B$39,KWANTIFICEERTABELLEN!I$32:I$39)))) -> #N/A | V95: 1. Bodemgesteldheid en grondgebruik per perceel inventariseren en vastleggen vóór start uitvoering; 2. Perceelafspraken over rijroutes, werkstroken en bodembescherming communiceren naar uitvoering; 3. Bodembeschermende maatregelen inzetten, zoals rijplaten, aangepast materieel en passende werkvolgorde. | Z95: 2 | AA95: 3 | AB95: 3 | AC95: 3 | AD95: 0 | AE95: 3 | AF95: =IFERROR(Tabel2[[#This Row],[Kans ]]*SUM(Tabel2[[#This Row],[Tijd ]:[Omgeving ]]),0) -> 24 | AG95: =IF(F$2<KWANTIFICEERTABELLEN!B$17,_xlfn.XLOOKUP(Tabel2[[#This Row],[Kans ]],KWANTIFICEERTABELLEN!$B$6:$B$13,KWANTIFICEERTABELLEN!I$6:I$13,), IF(AND(F$2>KWANTIFICEERTABELLEN!B$17,$F$2<KWANTIFICEERTABELLEN!B$30),_xlfn.XLOOKUP(Tabel2[[#This Row],[Kans ]],KWANTIFICEERTABELLEN!$B$19:$B$26,KWANTIFICEERTABELLEN!I$19:I$26), IF(F$2>KWANTIFICEERTABELLEN!B$30,_xlfn.XLOOKUP(Tabel2[[#This Row],[Kans ]],KWANTIFICEERTABELLEN!$B$32:$B$39,KWANTIFICEERTABELLEN!I$32:I$39)))) -> 0.1 | AH95: =IF(F$2<KWANTIFICEERTABELLEN!B$17,_xlfn.XLOOKUP(Tabel2[[#This Row],[Geld ]],KWANTIFICEERTABELLEN!$B$6:$B$13,KWANTIFICEERTABELLEN!J$6:J$13,), IF(AND(F$2>KWANTIFICEERTABELLEN!B$17,$F$2<KWANTIFICEERTABELLEN!B$30),_xlfn.XLOOKUP(Tabel2[[#This Row],[Geld ]],KWANTIFICEERTABELLEN!$B$19:$B$26,KWANTIFICEERTABELLEN!J$19:J$26), IF(F$2>KWANTIFICEERTABELLEN!B$30,_xlfn.XLOOKUP(Tabel2[[#This Row],[Geld ]],KWANTIFICEERTABELLEN!$B$32:$B$39,KWANTIFICEERTABELLEN!J$32:J$39)))) -> 17500 | AI95: =IFERROR(Tabel2[[#This Row],[Kans ]]*Tabel2[[#This Row],[Rekenwaarde kosten]],0) -> 1750 | AJ95: =IF(F$2<KWANTIFICEERTABELLEN!B$4,VLOOKUP(Tabel2[[#This Row],[Tijd ]],KWANTIFICEERTABELLEN!$B$6:$D$13,3,FALSE()), IF(AND(F$2>KWANTIFICEERTABELLEN!B$4,$F$2<KWANTIFICEERTABELLEN!B$30),VLOOKUP(Tabel2[[#This Row],[Tijd ]],KWANTIFICEERTABELLEN!$B$19:$D$26,3,FALSE()), IF(F$2>KWANTIFICEERTABELLEN!B$30,VLOOKUP(Tabel2[[#This Row],[Tijd ]],KWANTIFICEERTABELLEN!$B$32:$D$39,3,FALSE()),))) -> 1 - 2 weken
B96: 94 | C96: DP1 (Hoofdtracé) | D96: GIS-afwijkingen bij huisaansluitingen vereisen aanpassing van de uitvoeringsmethode | E96: 1. Onjuiste of verouderde gegevens in het GIS-portaal, waardoor de feitelijke ligging of uitvoering afwijkt; 2. Wijzigingen in het verleden (bijv. verleggingen of aanpassingen) die niet zijn verwerkt in het GIS-systeem; 3. Beperkt inzicht in klantspecifieke situaties (bijv. particuliere aanpassingen op eigen terrein). | F96: 1. Aanpassing van de werkmethode tijdens de uitvoering, wat kan leiden tot ad-hoc oplossingen; 2. Vertraging van werkzaamheden door extra afstemming en herontwerp; 3. Risico op fouten of schade aan huisaansluitingen of particuliere eigendommen. | G96: Overgenomen uit risicodossier Zuiderdijkweg | H96: Voorstel | I96: Onno Cavalini | J96: A.Hak | K96: Uitvoering | R96: =IFERROR(Tabel2[[#This Row],[Kans]]*SUM(Tabel2[[#This Row],[Tijd]:[Omgeving]]),0) -> 0 | S96: =IF(F$2<KWANTIFICEERTABELLEN!B$17,_xlfn.XLOOKUP(Tabel2[[#This Row],[Kans]],KWANTIFICEERTABELLEN!$B$6:$B$13,KWANTIFICEERTABELLEN!I$6:I$13,),IF(AND(F$2>KWANTIFICEERTABELLEN!B$17,$F$2<KWANTIFICEERTABELLEN!B$30),_xlfn.XLOOKUP(Tabel2[[#This Row],[Kans]],KWANTIFICEERTABELLEN!$B$19:$B$26,KWANTIFICEERTABELLEN!I$19:I$26),IF(F$2>KWANTIFICEERTABELLEN!B$30,_xlfn.XLOOKUP(Tabel2[[#This Row],[Kans]],KWANTIFICEERTABELLEN!$B$32:$B$39,KWANTIFICEERTABELLEN!I$32:I$39)))) -> #N/A | U96: =IFERROR(Tabel2[[#This Row],[Kans ]]*Tabel2[[#This Row],[Geld ]],0) -> 0 | V96: 1. Verificatie van GIS-gegevens met veldinspectie vóór start van werkzaamheden; 2. Afstemming met Liander bij twijfel of afwijkingen ten opzichte van GIS; 3. Scenario's uitwerken in werkplannen voor mogelijke afwijkende aansluitingen. | Z96: 3 | AA96: 2 | AB96: 2 | AC96: 0 | AD96: 3 | AE96: 1 | AF96: =IFERROR(Tabel2[[#This Row],[Kans ]]*SUM(Tabel2[[#This Row],[Tijd ]:[Omgeving ]]),0) -> 24 | AG96: =IF(F$2<KWANTIFICEERTABELLEN!B$17,_xlfn.XLOOKUP(Tabel2[[#This Row],[Kans ]],KWANTIFICEERTABELLEN!$B$6:$B$13,KWANTIFICEERTABELLEN!I$6:I$13,),IF(AND(F$2>KWANTIFICEERTABELLEN!B$17,$F$2<KWANTIFICEERTABELLEN!B$30),_xlfn.XLOOKUP(Tabel2[[#This Row],[Kans ]],KWANTIFICEERTABELLEN!$B$19:$B$26,KWANTIFICEERTABELLEN!I$19:I$26),IF(F$2>KWANTIFICEERTABELLEN!B$30,_xlfn.XLOOKUP(Tabel2[[#This Row],[Kans ]],KWANTIFICEERTABELLEN!$B$32:$B$39,KWANTIFICEERTABELLEN!I$32:I$39)))) -> 0.2 | AH96: =IF(F$2<KWANTIFICEERTABELLEN!B$17,_xlfn.XLOOKUP(Tabel2[[#This Row],[Geld ]],KWANTIFICEERTABELLEN!$B$6:$B$13,KWANTIFICEERTABELLEN!J$6:J$13,),IF(AND(F$2>KWANTIFICEERTABELLEN!B$17,$F$2<KWANTIFICEERTABELLEN!B$30),_xlfn.XLOOKUP(Tabel2[[#This Row],[Geld ]],KWANTIFICEERTABELLEN!$B$19:$B$26,KWANTIFICEERTABELLEN!J$19:J$26),IF(F$2>KWANTIFICEERTABELLEN!B$30,_xlfn.XLOOKUP(Tabel2[[#This Row],[Geld ]],KWANTIFICEERTABELLEN!$B$32:$B$39,KWANTIFICEERTABELLEN!J$32:J$39)))) -> 7500 | AI96: =IFERROR(Tabel2[[#This Row],[Kans ]]*Tabel2[[#This Row],[Rekenwaarde kosten]],0) -> 1500 | AJ96: =IF(F$2<KWANTIFICEERTABELLEN!B$4,VLOOKUP(Tabel2[[#This Row],[Tijd ]],KWANTIFICEERTABELLEN!$B$6:$D$13,3,FALSE()),IF(AND(F$2>KWANTIFICEERTABELLEN!B$4,$F$2<KWANTIFICEERTABELLEN!B$30),VLOOKUP(Tabel2[[#This Row],[Tijd ]],KWANTIFICEERTABELLEN!$B$19:$D$26,3,FALSE()),IF(F$2>KWANTIFICEERTABELLEN!B$30,VLOOKUP(Tabel2[[#This Row],[Tijd ]],KWANTIFICEERTABELLEN!$B$32:$D$39,3,FALSE()),))) -> 0.5 - 1 weken
B97: 63 | C97: Beiden | D97: Vertraging tijdens tollgates | E97: 1. Reviewen documenten duurt langer dan verwacht 2. Discussie over acceptatie documenten | F97: 1. Vertraging tollgate | H97: Voorstel | I97: Wouter Busstra | J97: Liander | K97: NAOK | R97: =IFERROR(Tabel2[[#This Row],[Kans]]*SUM(Tabel2[[#This Row],[Tijd]:[Omgeving]]),0) -> 0 | V97: 1. Warme overdracht documentatie 2. Informele eerdere indiening daar waar mogelijk | W97: 1. WBU 2. WBU | X97: 1. Open 2. Afgerond | Z97: 3 | AA97: 3 | AB97: 3 | AC97: 0 | AD97: 0 | AE97: 1 | AF97: =IFERROR(Tabel2[[#This Row],[Kans ]]*SUM(Tabel2[[#This Row],[Tijd ]:[Omgeving ]]),0) -> 21 | AG97: =VLOOKUP(Tabel2[[#This Row],[Kans ]],KWANTIFICEERTABELLEN!$B$19:$J$26,8,FALSE()) -> 0.2 | AH97: =IF(F$2<KWANTIFICEERTABELLEN!B$4,VLOOKUP(Tabel2[[#This Row],[Geld ]],KWANTIFICEERTABELLEN!$B$6:$J$13,9,FALSE()), IF(AND(F$2>KWANTIFICEERTABELLEN!B$4,$F$2<KWANTIFICEERTABELLEN!B$30),VLOOKUP(Tabel2[[#This Row],[Geld ]],KWANTIFICEERTABELLEN!$B$19:$J$26,9,FALSE()), IF(F$2>KWANTIFICEERTABELLEN!B$30,VLOOKUP(Tabel2[[#This Row],[Geld ]],KWANTIFICEERTABELLEN!$B$32:$J$39,9,FALSE()),))) -> 17500 | AI97: =IFERROR(Tabel2[[#This Row],[Kans ]]*Tabel2[[#This Row],[Rekenwaarde kosten]],0) -> 3500 | AJ97: =IF(F$2<KWANTIFICEERTABELLEN!B$4,VLOOKUP(Tabel2[[#This Row],[Tijd ]],KWANTIFICEERTABELLEN!$B$6:$D$13,3,FALSE()), IF(AND(F$2>KWANTIFICEERTABELLEN!B$4,$F$2<KWANTIFICEERTABELLEN!B$30),VLOOKUP(Tabel2[[#This Row],[Tijd ]],KWANTIFICEERTABELLEN!$B$19:$D$26,3,FALSE()), IF(F$2>KWANTIFICEERTABELLEN!B$30,VLOOKUP(Tabel2[[#This Row],[Tijd ]],KWANTIFICEERTABELLEN!$B$32:$D$39,3,FALSE()),))) -> 1 - 2 weken
